id,eval_task,group,pos_3gram_repeat_rate,comma_per_1k_chars,sentence_initial_token_repeat_rate,simile_marker_per_1k_chars,simile_sentence_rate,modifier_repeat_burst_mass,pos_4gram_diversity,pos_5gram_repeat_rate,parenthesis_pair_per_1k_chars,anti_slop_density,sentence_final_token_repeat_rate,sentence_length_iqr_ratio,sentence_length_cv,modifier_repetition_mass,content_modifier_repeat_occurrence_rate
ai_source-0000,rewrite,ai_source,0.85117599351176,7.748857540234452,0.6031746031746031,1.589509239022452,0.029411764705882353,0.25227478911653245,0.5432048681541582,0.36688311688311687,0.397377309755613,6.7059714524605845,0.8412698412698413,0.6944444444444444,0.5719997270024832,0.47580645161290325,0.6451612903225806
ai_source-0001,rewrite,ai_source,0.8548987184787102,6.365625621643128,0.6007751937984496,1.1935548040580863,0.024875621890547265,0.24061354847191913,0.5355665839536807,0.39718659495242037,0.19892580067634774,8.446990785064626,0.875968992248062,0.6666666666666666,0.5417788750308411,0.4921875,0.671875
ai_source-0002,rewrite,ai_source,0.8639839034205231,10.12909632571996,0.6588235294117647,3.7735849056603774,0.11333333333333333,0.16068775725351853,0.5289855072463768,0.38622633910592025,0.0,11.54762239462714,0.7764705882352941,1.0,0.6176348780118556,0.3655913978494624,0.5268817204301075
ai_source-0003,rewrite,ai_source,0.8490328006728343,8.98921294446664,0.5657894736842105,0.9988014382740711,0.024752475247524754,0.19376226030672009,0.5069415229280606,0.4377104377104377,0.1997602876548142,5.949954041399703,0.8903508771929824,0.8055555555555556,0.5619599041891902,0.4260869565217391,0.6086956521739131
ai_source-0004,rewrite,ai_source,0.8700081499592502,8.980243464378368,0.6963562753036437,0.7982438635002993,0.019704433497536946,0.24765289743075608,0.4965348552792499,0.433931484502447,0.19956096587507485,6.574055197901764,0.9109311740890689,0.7,0.5567308537285316,0.4748201438848921,0.6834532374100719
ai_source-0005,rewrite,ai_source,0.8313559322033899,6.781013163143199,0.6255506607929515,1.1966493817311528,0.02577319587628866,0.20675116772949598,0.5777871979652395,0.3469041560644614,0.0,6.428029643765903,0.8281938325991189,0.9,0.5644658130007381,0.4925373134328358,0.6940298507462687
ai_source-0006,rewrite,ai_source,0.8639870077141697,13.997200559888023,0.5674157303370787,3.599280143971206,0.09142857142857143,0.3069328868949355,0.5146222583265637,0.4087769199512393,0.1999600079984003,16.604149906672895,0.6966292134831461,0.8461538461538461,0.5782985485710928,0.6140350877192983,0.8070175438596491
ai_source-0007,rewrite,ai_source,0.8683901292596945,13.497419610956728,0.4306569343065693,3.3743549027391824,0.1111111111111111,0.24203875277711068,0.4827586206896552,0.4413955311642493,0.19849146486701072,13.623718567579699,0.8175182481751825,0.6470588235294118,0.5439293714064175,0.49606299212598426,0.6535433070866141
ai_source-0008,rewrite,ai_source,0.8473127035830619,10.358565737051793,0.47904191616766467,2.191235059760956,0.07482993197278912,0.16360266950410132,0.5417515274949084,0.37449062754686224,0.0,10.635554183813447,0.8502994011976048,0.9230769230769231,0.6147555223168074,0.4198473282442748,0.5954198473282443
ai_source-0009,rewrite,ai_source,0.8592985318107668,11.363636363636363,0.5,2.7910685805422646,0.09154929577464789,0.1616527004140858,0.5287637698898409,0.38979591836734695,0.0,12.467068941823172,0.8506493506493507,0.9333333333333333,0.6135164659135186,0.4117647058823529,0.6134453781512605
ai_source-0010,rewrite,ai_source,0.8464983713355049,10.325655281969818,0.5193370165745856,4.567116759332804,0.11046511627906977,0.2663068917920821,0.5429735234215886,0.3671556642216789,0.0,11.484101566152416,0.7900552486187845,1.0769230769230769,0.6965088708873199,0.4931506849315068,0.6164383561643836
ai_source-0011,rewrite,ai_source,0.8572597137014315,10.958358238692966,0.3986013986013986,3.785614664275752,0.10852713178294573,0.203940830938783,0.5237315875613748,0.3892754809660254,0.0,11.275974512913457,0.7692307692307693,0.8125,0.538071920234841,0.4444444444444444,0.6410256410256411
ai_source-0012,rewrite,ai_source,0.8482180293501048,9.383110401277701,0.4972067039106145,1.3974845278498702,0.043209876543209874,0.16215745380624552,0.5356543624161074,0.3831305077633235,0.0,13.341258999532494,0.7932960893854749,1.0,0.6672117813918711,0.33636363636363636,0.509090909090909
ai_source-0013,rewrite,ai_source,0.8395061728395061,8.985623003194888,0.5989304812834224,0.19968051118210864,0.006711409395973154,0.20757449371678593,0.5557842733635241,0.3673805601317957,0.3993610223642172,7.8130278299671225,0.8181818181818182,0.9166666666666666,0.5625621271724767,0.4396551724137931,0.646551724137931
ai_source-0014,rewrite,ai_source,0.8413421706710853,11.144278606965175,0.6685393258426966,4.577114427860696,0.09883720930232558,0.28507726592534127,0.528387898881061,0.3880597014925373,0.1990049751243781,13.184708625525948,0.8820224719101124,1.0769230769230769,0.6262845336692296,0.5894039735099338,0.7549668874172185
ai_source-0015,rewrite,ai_source,0.8447920955125566,8.587976832434592,0.4891304347826087,2.1969243059716397,0.06790123456790123,0.1330872518188214,0.5333607907742999,0.37330037082818296,0.0,11.142466697717746,0.8097826086956522,0.8461538461538461,0.6376433417400302,0.3233082706766917,0.47368421052631576
ai_source-0016,rewrite,ai_source,0.8396883968839688,9.594243453927643,0.6237113402061856,3.1980811513092147,0.07647058823529412,0.19688729384756667,0.5549630844954881,0.359048009848174,0.19988007195682592,13.471059344030202,0.7783505154639175,0.9090909090909091,0.6256657040910546,0.4421768707482993,0.6190476190476191
ai_source-0017,rewrite,ai_source,0.8329288025889967,14.087301587301587,0.49214659685863876,0.9920634920634921,0.029069767441860465,0.14946622527773903,0.5677863213273978,0.34615384615384615,0.0,14.084142923867343,0.8272251308900523,1.0,0.6427472186206724,0.4166666666666667,0.625
ai_source-0018,rewrite,ai_source,0.8678714859437751,15.587529976019185,0.6491228070175439,1.7985611510791366,0.05660377358490566,0.1810212971722872,0.5078344716753717,0.4867363344051447,0.0,14.91438662656178,0.9415204678362573,0.8166666666666667,0.6038407218841351,0.4789473684210526,0.6736842105263158
ai_source-0019,rewrite,ai_source,0.8449484536082474,15.575079872204473,0.44919786096256686,3.3945686900958467,0.08641975308641975,0.17238923944567466,0.5391914191419142,0.3867106892282295,0.7987220447284344,10.388487576904872,0.7647058823529411,1.0,0.6313984316976156,0.3983739837398374,0.5853658536585366
ai_source-0020,rewrite,ai_source,0.8290741516547968,11.5814696485623,0.6309523809523809,2.7955271565495208,0.0979020979020979,0.20404898587640163,0.5997485331098072,0.29979035639413,0.0,11.193447356106695,0.7916666666666666,0.8846153846153846,0.6865607309064421,0.49375,0.69375
ai_source-0021,rewrite,ai_source,0.8381930184804928,7.961783439490445,0.6369047619047619,2.587579617834395,0.08270676691729323,0.19197246698133832,0.5858668857847165,0.30579531442663377,0.0,6.676526578073089,0.7976190476190477,0.9166666666666666,0.6565968440844254,0.4090909090909091,0.5757575757575758
ai_source-0022,rewrite,ai_source,0.8477987421383648,12.711022840119165,0.6210526315789474,0.9930486593843099,0.028985507246376812,0.25783687663997995,0.5822147651006712,0.30801510700797313,0.19860973187686196,3.623596279537456,0.7543859649122807,1.5357142857142858,0.8242688062801248,0.5371428571428571,0.7314285714285714
ai_source-0023,rewrite,ai_source,0.8580700995240156,4.385090691648395,0.6363636363636364,0.19932230416583616,0.003937007874015748,0.2433979984882546,0.5199134199134199,0.40017323516673886,0.0,7.7189198640116565,0.7662337662337663,0.7142857142857143,0.7097565222098554,0.4861111111111111,0.6666666666666666
ai_source-0024,rewrite,ai_source,0.8330564784053156,14.151883595774368,0.5411764705882353,0.9966115208291808,0.03597122302158273,0.17033377756922385,0.6061487328624844,0.2884455527847049,0.0,6.7687057377049165,0.8294117647058824,1.0,0.6082571467714485,0.4689265536723164,0.6779661016949152
ai_source-0025,rewrite,ai_source,0.8631492168178071,3.7946874375873776,0.6583629893238434,1.1983223487118035,0.02564102564102564,0.237633876002895,0.5468041237113402,0.36303630363036304,0.0,4.010813565513883,0.8683274021352313,0.75,0.5830715435938435,0.5157232704402516,0.7484276729559748
ai_source-0026,rewrite,ai_source,0.8616377571601452,7.7227722772277225,0.6438848920863309,2.5742574257425743,0.046413502109704644,0.20495199502062272,0.5355125100887813,0.401695599515543,0.0,3.908142255892255,0.8633093525179856,0.7777777777777778,0.5942685242908923,0.46206896551724136,0.6689655172413793
ai_source-0027,rewrite,ai_source,0.8286516853932584,4.568023833167826,0.7045454545454546,3.1777557100297913,0.08333333333333333,0.20755056344433162,0.6215456674473068,0.26569821930646675,19.06653426017875,5.050151871522509,0.8636363636363636,1.2222222222222223,0.7464530075676165,0.49206349206349204,0.7142857142857143
ai_source-0028,rewrite,ai_source,0.8486789431545236,9.48429164196799,0.5485714285714286,1.5807152736613317,0.051094890510948905,0.2197044434646629,0.5466559871846215,0.375400641025641,0.7903576368306658,8.51781619357841,0.8171428571428572,0.8571428571428571,0.5826278560622568,0.43902439024390244,0.5975609756097561
ai_source-0029,rewrite,ai_source,0.8157453936348409,9.159697331740343,0.521978021978022,4.579848665870172,0.1323529411764706,0.17377379052504252,0.585672392124005,0.3336127409891031,0.19912385503783353,13.285479040521654,0.7362637362637363,1.391304347826087,0.7606027100626037,0.4,0.592
ai_source-0030,rewrite,ai_source,0.8640897755610972,11.971268954509178,0.5846994535519126,3.3918595371109337,0.07142857142857142,0.18637641158549398,0.5081081081081081,0.41389351081530784,0.0,15.961425104993001,0.8306010928961749,0.7692307692307693,0.5409885196045027,0.41843971631205673,0.6170212765957447
ai_source-0031,rewrite,ai_source,0.8396264717823793,16.380343587694767,0.4971751412429379,2.796644027167399,0.08496732026143791,0.1344025995712321,0.5629569455727051,0.3437626980902072,0.0,8.825831942512746,0.8248587570621468,0.9230769230769231,0.6251521298174443,0.3308270676691729,0.5037593984962406
ai_source-0032,rewrite,ai_source,0.8481526593585059,15.187849720223822,0.5561797752808989,2.797761790567546,0.08387096774193549,0.13149628549811432,0.5467099918765231,0.38073953677366923,0.0,11.824155346489212,0.848314606741573,0.7857142857142857,0.5536172924773566,0.4,0.6058823529411764
ai_source-0033,rewrite,ai_source,0.8416565164433617,8.756218905472638,0.5561797752808989,2.5870646766169156,0.06944444444444445,0.15699249228534132,0.5731112916328188,0.3405119869971556,0.0,7.252337943262409,0.848314606741573,0.7307692307692307,0.5564992914573734,0.3877551020408163,0.5714285714285714
ai_source-0034,rewrite,ai_source,0.8501218521527214,10.993403957625423,0.6184971098265896,2.9982010793523886,0.08527131782945736,0.20828073736647634,0.5371800081267777,0.38414634146341464,0.0,7.598650256649556,0.8439306358381503,0.7333333333333333,0.5634075856843597,0.43859649122807015,0.631578947368421
ai_source-0035,rewrite,ai_source,0.9042194092827004,6.377042646472699,0.6266666666666667,0.7971303308090872,0.01904761904761905,0.22779726042734808,0.4018573237653018,0.582347972972973,0.0,13.328754394299288,0.8844444444444445,1.0909090909090908,0.6732922234015789,0.4573643410852713,0.689922480620155
ai_source-0036,rewrite,ai_source,0.8731537793223284,4.3868394815553335,0.6423357664233577,2.193419740777667,0.038910505836575876,0.2119899275387739,0.4424163407214255,0.5113043478260869,0.0,13.14443311562651,0.8795620437956204,0.9722222222222222,0.6551747118433543,0.4714285714285714,0.7071428571428572
ai_source-0037,rewrite,ai_source,0.8726833199033038,10.127084988085784,0.6153846153846154,0.9928514694201748,0.025380710659898477,0.2676516981410787,0.49294639258363565,0.4181451612903226,0.0,8.362965778594397,0.8547008547008547,0.8,0.5638104822175427,0.4891304347826087,0.6739130434782609
ai_source-0038,rewrite,ai_source,0.8473005640612409,12.308914036132618,0.5888324873096447,1.786777843954735,0.042682926829268296,0.19145473962649073,0.5457476823861346,0.36451612903225805,0.0,13.503192744552626,0.7969543147208121,0.8863636363636364,0.6041488776566774,0.452991452991453,0.6495726495726496
ai_source-0039,rewrite,ai_source,0.8113879003558719,11.648079306071871,0.5730994152046783,0.9913258983890955,0.022556390977443608,0.14967762349574057,0.6154628687690743,0.28905852417302796,0.0,8.90845499134449,0.8362573099415205,1.2045454545454546,0.6985343687043419,0.368,0.592
ai_source-0040,rewrite,ai_source,0.8541234977206796,11.302795954788817,0.5492227979274611,4.9573666468372,0.12258064516129032,0.19590990317319337,0.5232172470978441,0.4251347988386562,0.396589331746976,10.296567249417247,0.7409326424870466,1.5454545454545454,0.781757460951393,0.38613861386138615,0.5841584158415841
ai_source-0041,rewrite,ai_source,0.8410487505120852,10.373030121683623,0.5056179775280899,1.994813484939158,0.06870229007633588,0.11876395903984685,0.5639344262295082,0.3370233702337023,0.0,6.9786034441805205,0.7415730337078652,1.391304347826087,0.7517515807628139,0.3412698412698413,0.5634920634920635
ai_source-0042,rewrite,ai_source,0.838265099310904,8.953442101074414,0.5232558139534884,2.1886191802626342,0.05303030303030303,0.14871780997019135,0.5802919708029197,0.332657200811359,0.0,10.206952431042547,0.8197674418604651,1.1538461538461537,0.6667505275115715,0.378698224852071,0.5621301775147929
ai_source-0043,rewrite,ai_source,0.8491954022988506,12.979233226837062,0.6625,0.3993610223642173,0.010362694300518135,0.19787030984860554,0.5418583256669733,0.3838011965025311,0.0,8.05711635537607,0.775,1.4285714285714286,0.7461395105346663,0.4722222222222222,0.6666666666666666
ai_source-0044,rewrite,ai_source,0.8387698042870456,9.580838323353293,0.656,0.1996007984031936,0.004761904761904762,0.2678459197937209,0.5342657342657343,0.3917910447761194,0.1996007984031936,6.967978966041562,0.744,1.0,0.7230768468823293,0.4796747967479675,0.7073170731707317
ai_source-0045,rewrite,ai_source,0.8536782538399353,15.280809684461202,0.6410256410256411,4.365945624131772,0.1417910447761194,0.3028043093999752,0.5507480792559644,0.36205501618122976,0.19845207382417146,12.581108898497943,0.7948717948717948,0.75,0.517710104864004,0.5594405594405595,0.7062937062937062
ai_source-0046,rewrite,ai_source,0.8590710599444223,16.195931266047797,0.6690647482014388,2.765158996642307,0.08029197080291971,0.24637663280054,0.5353455123113582,0.3841875248311482,0.19751135690302193,11.926180172023544,0.8201438848920863,0.7777777777777778,0.49110060240737535,0.532051282051282,0.6923076923076923
ai_source-0047,rewrite,ai_source,0.8590831918505942,5.7838053450339055,0.6951219512195121,0.0,0.0,0.3129470269674147,0.49171974522292994,0.4647408666100255,0.0,10.170826399026765,0.8597560975609756,0.8571428571428571,0.593364163143886,0.6014492753623188,0.7753623188405797
ai_source-0048,rewrite,ai_source,0.8453177257525084,4.778972520908004,0.7101910828025477,0.39824771007566706,0.007662835249042145,0.21356110913912588,0.5667084901714764,0.34853556485355647,0.0,6.840968917601169,0.7961783439490446,0.8571428571428571,0.6059203985708295,0.48091603053435117,0.6946564885496184
ai_source-0049,rewrite,ai_source,0.8159889731219848,7.395498392282958,0.5444444444444444,1.2861736334405145,0.05555555555555555,0.1995648764897483,0.5724137931034483,0.36783988957902003,0.0,4.651358843537414,0.8444444444444444,0.7142857142857143,0.5084999714264522,0.4084507042253521,0.6338028169014085
ai_source-0050,rewrite,ai_source,0.8446407065435568,10.383386581469647,0.5730994152046783,1.7971246006389776,0.05732484076433121,0.2333058694052323,0.5630522088353414,0.3374849337083166,0.0,12.311716790524848,0.8245614035087719,0.7333333333333333,0.519157339591146,0.528169014084507,0.7183098591549296
ai_source-0051,rewrite,ai_source,0.8467094703049759,9.964129135113591,0.6265822784810127,1.3949780789159028,0.04316546762589928,0.18536278191311556,0.5592131674026496,0.3690763052208835,0.0,7.896181911030413,0.8227848101265823,0.75,0.5222364381938921,0.43670886075949367,0.620253164556962
ai_source-0052,rewrite,ai_source,0.8552519214346712,12.756627466613514,0.5792682926829268,3.3884791708192146,0.08695652173913043,0.22130871984116274,0.5249893208030756,0.3952991452991453,1.3952561291608532,10.741014425427874,0.6890243902439024,1.3076923076923077,0.7510345344276737,0.5,0.7058823529411765
ai_source-0053,rewrite,ai_source,0.7482758620689656,15.638575152041703,0.4536082474226804,2.6064291920069507,0.06930693069306931,0.269327682224091,0.673567977915804,0.2610497237569061,2.3168259484506226,5.660507627765066,0.7010309278350515,1.0769230769230769,0.6392442080995734,0.47619047619047616,0.638095238095238
ai_source-0054,rewrite,ai_source,0.850328947368421,10.898458266879318,0.6557377049180327,0.2658160552897395,0.006666666666666667,0.3914433545821012,0.5233132199670872,0.407244785949506,0.0,7.6103650030998145,0.7868852459016393,0.7,0.5819476145635619,0.6363636363636364,0.797979797979798
ai_source-0055,rewrite,ai_source,0.8369116432700248,10.54516514126542,0.5990783410138248,1.5917230401910067,0.03825136612021858,0.2023954204732693,0.5282940933498554,0.37644628099173555,0.19896538002387584,9.436238513830288,0.7511520737327189,1.0,0.6264052811310821,0.4861111111111111,0.7013888888888888
ai_source-0056,rewrite,ai_source,0.8638007231820009,12.10077365602063,0.4727272727272727,0.7934933544931562,0.026490066225165563,0.17557522929378827,0.49758842443729906,0.42299959790912744,0.0,13.272975372797104,0.8363636363636363,0.8448275862068966,0.5810041125108668,0.4263565891472868,0.6124031007751938
ai_source-0057,rewrite,ai_source,0.8307119205298014,11.381789137380192,0.5866666666666667,2.7955271565495208,0.05235602094240838,0.21897625822726083,0.6107660455486542,0.28458989229494613,0.0,5.370063300142248,0.76,0.875,0.6252904899241748,0.5256410256410257,0.75
ai_source-0058,rewrite,ai_source,0.8335353535353536,10.576731191378965,0.553763440860215,3.592097385751347,0.08383233532934131,0.2288626013118552,0.5582053354890865,0.35179943388596846,0.0,9.626004673962612,0.8010752688172043,0.6730769230769231,0.5129173838093217,0.525974025974026,0.7402597402597403
ai_source-0059,rewrite,ai_source,0.8477034649476228,11.720301946762019,0.6218905472636815,1.5891934843067144,0.035897435897435895,0.16622522331022146,0.5384925433293027,0.3721774193548387,0.0,15.947872639336723,0.8009950248756219,0.8333333333333334,0.5712190140282835,0.46107784431137727,0.6467065868263473
ai_source-0060,rewrite,ai_source,0.8501812323801853,11.542288557213931,0.5876288659793815,1.592039800995025,0.03888888888888889,0.10118942250093298,0.5572119258662369,0.34461910519951633,0.0,9.638319854611543,0.8556701030927835,0.6923076923076923,0.5429755573337829,0.38922155688622756,0.6107784431137725
ai_source-0061,rewrite,ai_source,0.8292978208232445,10.986815821014783,0.5574712643678161,1.3983220135836996,0.043209876543209874,0.16753610704790917,0.5974969721437222,0.31623586429725364,0.0,6.832761233379183,0.8103448275862069,0.7142857142857143,0.5319448614169793,0.42857142857142855,0.6149068322981367
ai_source-0062,rewrite,ai_source,0.8644747393744988,13.916500994035786,0.5446009389671361,2.783300198807157,0.05687203791469194,0.22984599571373665,0.5318892900120337,0.38242375601926165,0.0,14.260868397291194,0.8215962441314554,0.9090909090909091,0.6025756880859899,0.4797687861271676,0.6416184971098265
ai_source-0063,rewrite,ai_source,0.8536392405063291,8.562325766626843,0.5518867924528302,1.3938669852648347,0.031578947368421054,0.23021103383973468,0.5461020973486348,0.3749010292953286,0.0,7.312691358024692,0.8066037735849056,0.8409090909090909,0.6152543345541167,0.4825174825174825,0.6433566433566433
ai_source-0064,rewrite,ai_source,0.8501827040194885,11.940298507462687,0.5560975609756098,3.383084577114428,0.09714285714285714,0.17531028089444212,0.5475223395613322,0.3587972368955709,0.9950248756218905,9.732943230916948,0.7853658536585366,1.05,0.6853770181674618,0.392,0.568
ai_source-0065,rewrite,ai_source,0.855147645650439,11.166500498504487,0.5025641025641026,1.3958125623130608,0.03314917127071823,0.16754874204766296,0.5209580838323353,0.4021565495207668,0.0,14.235137774148395,0.8307692307692308,0.9583333333333334,0.63602378072948,0.38848920863309355,0.5323741007194245
ai_source-0066,rewrite,ai_source,0.8645957785742732,10.37509976057462,0.43790849673202614,2.3942537909018355,0.0684931506849315,0.18035940144403753,0.4928286852589641,0.42686329214826624,0.0,12.47539836289222,0.8823529411764706,0.7666666666666667,0.5528310997372871,0.4274193548387097,0.6048387096774194
ai_source-0067,rewrite,ai_source,0.850197628458498,11.757672379434037,0.5294117647058824,1.9928258270227182,0.05921052631578947,0.21722197080701786,0.5472518782127324,0.36787974683544306,0.19928258270227184,9.482455311183902,0.8176470588235294,0.7857142857142857,0.5668176217993594,0.4330708661417323,0.5984251968503937
ai_source-0068,rewrite,ai_source,0.8680969408025427,11.1731843575419,0.6335403726708074,4.788507581803671,0.1388888888888889,0.31070531918941835,0.5115262321144675,0.4039761431411531,0.0,11.68557426436245,0.8571428571428571,0.8,0.505846609440787,0.536,0.736
ai_source-0069,rewrite,ai_source,0.8510121457489879,0.798881565807869,0.546448087431694,0.798881565807869,0.016666666666666666,0.22977405923912114,0.5467800729040098,0.37682333873581847,0.0,1.0753006941001488,0.8360655737704918,0.8461538461538461,0.617249760203974,0.4305555555555556,0.5972222222222222
ai_source-0070,rewrite,ai_source,0.8404429860541427,0.9976057462090981,0.5873015873015873,0.9976057462090981,0.03333333333333333,0.16129098230795164,0.5453426343865408,0.3706896551724138,0.0,2.998803956834532,0.7513227513227513,0.9375,0.6244233982389332,0.3893129770992366,0.6106870229007634
ai_source-0071,rewrite,ai_source,0.856728778467909,9.563658099222952,0.6385542168674698,1.9924287706714485,0.034722222222222224,0.20455150004967276,0.5323115161557581,0.3995026937422296,0.0,9.072068343616515,0.8614457831325302,0.8035714285714286,0.5474468808379187,0.45714285714285713,0.6714285714285714
ai_source-0072,rewrite,ai_source,0.8501238645747317,8.14299900695134,0.63125,1.7874875868917577,0.047619047619047616,0.21802990942079473,0.5489467162329615,0.3793388429752066,0.0,8.51530583214794,0.84375,0.7142857142857143,0.568960568203107,0.5,0.7027027027027027
ai_source-0073,rewrite,ai_source,0.8603238866396761,13.87237415774871,0.5314285714285715,2.972651605231867,0.08974358974358974,0.18153695764430844,0.5297691373025516,0.386547811993517,0.39635354736424894,13.27207062937063,0.7885714285714286,0.9821428571428571,0.6816811024658163,0.39552238805970147,0.5522388059701493
ai_source-0074,rewrite,ai_source,0.8354276449128496,8.987417615338526,0.6859903381642513,1.3980427401637707,0.03508771929824561,0.2010256605880201,0.5770478507704785,0.3407707910750507,0.0,10.464822072072073,0.8019323671497585,0.9166666666666666,0.6375627468148883,0.5,0.7098765432098766
ai_source-0075,rewrite,ai_source,0.8595074687121518,7.934933544931561,0.5752688172043011,0.9918666931164452,0.024390243902439025,0.17444264108939148,0.5609854604200323,0.3280808080808081,0.0,8.338900116009283,0.8279569892473119,0.8333333333333334,0.5996955290789274,0.4394904458598726,0.5923566878980892
ai_source-0076,rewrite,ai_source,0.85581957309706,8.976660682226212,0.6778846153846154,0.997406742469579,0.02976190476190476,0.1712773324129338,0.5487510072522159,0.4498186215235792,0.0,6.930191043353978,0.8509615384615384,0.9090909090909091,0.6718962811864925,0.43258426966292135,0.6292134831460674
ai_source-0077,rewrite,ai_source,0.8845691382765531,11.935548040580864,0.5245901639344263,5.569922418937736,0.11602209944751381,0.27203259566311544,0.4987971130713713,0.4288006417970317,0.0,20.355896472743936,0.8688524590163934,0.8333333333333334,0.5920525538986461,0.5828220858895705,0.7361963190184049
ai_source-0078,rewrite,ai_source,0.8799840510366826,13.594562175129948,0.5789473684210527,6.397441023590564,0.13793103448275862,0.24601282846746264,0.49301954527323494,0.43854748603351956,0.0,13.103828074245941,0.847953216374269,0.9230769230769231,0.527180913501305,0.50920245398773,0.656441717791411
ai_source-0079,rewrite,ai_source,0.8451121455776556,12.333399641933559,0.5775401069518716,3.7795902128506067,0.08571428571428572,0.20370471182746652,0.558848433530906,0.35874629394324437,0.0,7.185032355792535,0.8128342245989305,1.2727272727272727,0.6957327225034411,0.47802197802197804,0.6813186813186813
ai_source-0080,rewrite,ai_source,0.8446643717728055,7.1841947715026935,0.6363636363636364,0.39912193175014965,0.010416666666666666,0.17997512698786938,0.5639259578131727,0.3561584840654608,0.0,4.214114435695538,0.7905138339920948,1.0,0.654789686033426,0.4195804195804196,0.6013986013986014
ai_source-0081,rewrite,ai_source,0.8279883381924198,11.983223487118035,0.576271186440678,1.9972039145196725,0.06164383561643835,0.12092039774519465,0.5866666666666667,0.3047102959566486,0.0,5.13609807972776,0.7457627118644068,0.9230769230769231,0.6265575068055078,0.39664804469273746,0.5921787709497207
ai_source-0082,rewrite,ai_source,0.8577512776831345,6.388500698742264,0.5165562913907285,1.3974845278498702,0.041666666666666664,0.16448570876640403,0.5458031529612271,0.36658141517476556,0.19964064683569574,7.395468949435447,0.847682119205298,0.8035714285714286,0.6081495683980139,0.34513274336283184,0.49557522123893805
ai_source-0083,rewrite,ai_source,0.7965403624382208,5.795001810938066,0.4111111111111111,3.621876131836291,0.0875,0.18041482269816725,0.6215993404781534,0.30363036303630364,0.0,8.607991552511418,0.8444444444444444,0.8076923076923077,0.586202399976681,0.2765957446808511,0.44680851063829785
ai_source-0084,rewrite,ai_source,0.834731543624161,6.783719074221868,0.472636815920398,2.793296089385475,0.07428571428571429,0.16211798311831216,0.546370121695342,0.3677581863979849,0.0,9.121122821479041,0.7910447761194029,1.0909090909090908,0.6346562298102273,0.3986013986013986,0.5944055944055944
ai_source-0085,rewrite,ai_source,0.8546868604175194,9.757068896853843,0.6153846153846154,2.7877339705296693,0.06097560975609756,0.23242142552144696,0.5626535626535627,0.3396149119213437,0.19912385503783353,7.49417904603702,0.8102564102564103,0.9166666666666666,0.6589983839403167,0.5211267605633803,0.7323943661971831
ai_source-0086,rewrite,ai_source,0.8128161888701517,14.412416851441241,0.49586776859504134,5.82039911308204,0.1282051282051282,0.1873063543477984,0.6152980877390326,0.2751828925154755,0.0,10.068116325181757,0.8512396694214877,1.037037037037037,0.6187904477877504,0.4076923076923077,0.5923076923076923
ai_source-0087,rewrite,ai_source,0.8655956112852664,12.779552715654951,0.4807692307692308,1.7971246006389776,0.05223880597014925,0.16075123556884505,0.5225401803214426,0.3905882352941176,0.1996805111821086,11.421970743460301,0.8205128205128205,0.7794117647058824,0.5306321321517883,0.4327485380116959,0.6198830409356725
ai_source-0088,rewrite,ai_source,0.8519261637239165,9.728012705975779,0.53125,1.786777843954735,0.072,0.1467526574338802,0.5656362906463268,0.3469879518072289,0.1985308715505261,5.2824573616826695,0.84375,0.65,0.5009600053040656,0.3618421052631579,0.5526315789473685
ai_source-0089,rewrite,ai_source,0.8463782207097715,9.415741187831966,0.5985401459854015,1.448575567358764,0.029411764705882353,0.1816069772078191,0.5651750972762646,0.35669099756691,0.0,5.790080410958901,0.8759124087591241,0.8571428571428571,0.6119887895936871,0.4214876033057851,0.6363636363636364
ai_source-0090,rewrite,ai_source,0.8522550544323484,8.328375966686496,0.6141732283464567,2.181241324608368,0.07563025210084033,0.260429741656069,0.5332555425904317,0.3832684824902724,0.198294665873488,5.903828385065227,0.8740157480314961,0.7368421052631579,0.5895585239598006,0.4387755102040816,0.6020408163265306
ai_source-0091,rewrite,ai_source,0.8271261812117843,13.754045307443365,0.6516129032258065,2.696871628910464,0.06569343065693431,0.2586981405142593,0.5545050055617352,0.3850862548692265,0.0,11.337896897220427,0.832258064516129,1.0909090909090908,0.7117778325889372,0.4897959183673469,0.6530612244897959
ai_source-0092,rewrite,ai_source,0.8191757779646762,11.947431302270013,0.6030150753768844,1.9912385503783354,0.050314465408805034,0.15319970292027787,0.5814051325199832,0.3493265993265993,0.19912385503783353,7.2297022352941145,0.7437185929648241,1.04,0.6607298748302527,0.39285714285714285,0.5857142857142857
ai_source-0093,rewrite,ai_source,0.834038950042337,12.723658051689862,0.5027322404371585,1.3916500994035785,0.046357615894039736,0.17046507138577183,0.5717916137229987,0.33516949152542375,0.7952286282306164,7.350357512953366,0.7704918032786885,1.0208333333333333,0.6421381102726061,0.4015151515151515,0.6212121212121212
ai_source-0094,rewrite,ai_source,0.8751510269834877,12.269938650306749,0.5307262569832403,4.947555907381753,0.11931818181818182,0.23595793047068295,0.48831587429492346,0.43409915356711004,0.0,15.846720723835867,0.8100558659217877,0.7857142857142857,0.5893516439699064,0.49635036496350365,0.656934306569343
ai_source-0095,rewrite,ai_source,0.8665330661322646,15.172689159512876,0.4110429447852761,2.395687762028349,0.06626506024096386,0.21340627028163062,0.5180433039294307,0.4011231448054553,0.0,12.310285730751499,0.803680981595092,0.8,0.5420113653147985,0.5228758169934641,0.738562091503268
ai_source-0096,rewrite,ai_source,0.8427139552814187,11.454753722794958,0.6009615384615384,2.290950744558992,0.05291005291005291,0.1992236666722586,0.5672965676822214,0.35223765432098764,0.0,9.34463971568192,0.7980769230769231,0.9318181818181818,0.8850322723012882,0.48704663212435234,0.6735751295336787
ai_source-0097,rewrite,ai_source,0.835791151853328,10.104861773117253,0.5840336134453782,0.9532888465204957,0.025252525252525252,0.22150653248630034,0.5681818181818182,0.3386517750299162,0.19065776930409914,9.047916898470097,0.773109243697479,1.1,0.6669296982621004,0.5398773006134969,0.7607361963190185
ai_source-0098,rewrite,ai_source,0.8428107229894395,13.30685203574975,0.554945054945055,1.3902681231380338,0.030120481927710843,0.13529726138209405,0.5692807801706623,0.3260162601626016,0.0,12.533177390122338,0.7527472527472527,0.9583333333333334,0.5991541695833426,0.4427860696517413,0.6517412935323383
ai_source-0099,rewrite,ai_source,0.839607201309329,13.171023747754939,0.5927835051546392,1.3969267611255238,0.0335195530726257,0.16339252557208572,0.5681539091281211,0.34193284193284196,0.0,11.42631583836508,0.788659793814433,0.9166666666666666,0.6669947982215504,0.4722222222222222,0.6722222222222223
human_control-0000,rewrite,human_control,0.8273352203801051,9.582751048113396,0.5033112582781457,0.798562587342783,0.034482758620689655,0.18610680991804868,0.6306634304207119,0.25252934034803726,0.5989219405070872,0.663390374942844,0.7615894039735099,1.1,0.6945218322353046,0.4339622641509434,0.6477987421383647
human_control-0001,rewrite,human_control,0.817104149026249,8.949880668257757,0.5232558139534884,0.5966587112171837,0.02608695652173913,0.18378975328911945,0.6340533672172808,0.2542372881355932,0.3977724741447892,1.033176631729395,0.7674418604651163,1.1818181818181819,0.7791693056114409,0.4748603351955307,0.6815642458100558
human_control-0002,rewrite,human_control,0.8382825040128411,5.794205794205794,0.25301204819277107,0.5994005994005994,0.013422818791946308,0.12560434097139414,0.5877157767964672,0.2895582329317269,0.0,3.2925173852573018,0.6566265060240963,1.0,0.6665759321854972,0.37435897435897436,0.5743589743589743
human_control-0003,rewrite,human_control,0.8442001516300227,2.9916234543278817,0.36423841059602646,1.9944156362185879,0.04929577464788732,0.18845113754664747,0.5748957148274555,0.3167678300455235,0.0,0.9635753123553911,0.7350993377483444,1.3333333333333333,0.810408677469526,0.47468354430379744,0.6708860759493671
human_control-0004,rewrite,human_control,0.7971758664955071,10.951812027080845,0.2840909090909091,0.5973715651135006,0.02,0.14812089581594032,0.6541095890410958,0.23640256959314776,1.3938669852648347,1.2469288845591815,0.6193181818181818,1.3541666666666667,0.7524868609021325,0.3464052287581699,0.5163398692810458
human_control-0005,rewrite,human_control,0.8536482496836778,12.54730133439554,0.31666666666666665,1.1949810794662419,0.057692307692307696,0.09563652433427698,0.5556962025316455,0.35415787252005065,0.7966540529774945,0.686554449648712,0.6416666666666667,1.3717948717948718,0.7845363943648448,0.24793388429752067,0.4132231404958678
human_control-0006,rewrite,human_control,0.8127538586515028,7.057439717702411,0.41711229946524064,1.5683199372672025,0.058823529411764705,0.1773628987260452,0.662738724095896,0.22601626016260162,0.7841599686336013,0.13102862505865792,0.7272727272727273,0.9583333333333334,0.7437464966474967,0.39705882352941174,0.5735294117647058
human_control-0007,rewrite,human_control,0.831772784019975,5.459770114942529,0.4732142857142857,1.293103448275862,0.05194805194805195,0.2505696583979396,0.6159850140493287,0.2673329169269207,0.0,0.47564033989266546,0.7678571428571429,1.0833333333333333,0.7880575960693361,0.5277777777777778,0.7083333333333334
human_control-0008,rewrite,human_control,0.8371624345022168,7.9936051159072745,0.47093023255813954,1.1990407673860912,0.03676470588235294,0.19389453990223524,0.6205645161290323,0.2843888664784187,0.9992006394884093,1.0775469718645687,0.7732558139534884,1.391304347826087,0.7859153689028519,0.4295774647887324,0.5985915492957746
human_control-0009,rewrite,human_control,0.8543845534995977,8.587976832434592,0.5328947368421053,0.798881565807869,0.02631578947368421,0.15884745061787078,0.5682092555331992,0.3329307568438003,0.0,0.8646881584974806,0.8947368421052632,0.6212121212121212,0.4628869041784421,0.4536082474226804,0.6443298969072165
human_control-0010,rewrite,human_control,0.8441558441558441,4.851425106124925,0.6666666666666666,0.20214271275520518,0.0070921985815602835,0.17726887680152772,0.5779527559055118,0.33044505710909805,0.20214271275520515,1.1255219298245613,0.8225806451612904,0.8461538461538461,0.6622399330430894,0.46632124352331605,0.6735751295336787
human_control-0011,rewrite,human_control,0.8473419540229885,3.33889816360601,0.6574074074074074,0.1854943424225561,0.005847953216374269,0.20529378458911152,0.5609054976643909,0.3558590941768512,0.3709886848451122,1.4097530228392294,0.8101851851851852,0.8541666666666666,0.5970576603944039,0.48044692737430167,0.664804469273743
human_control-0012,rewrite,human_control,0.8595473012188044,6.14304519526108,0.6491935483870968,0.7313149041977476,0.021929824561403508,0.18282778604862654,0.5500725689404935,0.3597560975609756,0.0,2.431565626077958,0.8669354838709677,0.6923076923076923,0.5314999725942308,0.5602836879432624,0.75177304964539
human_control-0013,rewrite,human_control,0.8500180701120347,3.8160656363289447,0.6095238095238096,0.38160656363289447,0.011235955056179775,0.29832490050485944,0.5343456254519161,0.3981916817359855,0.0,1.6699832147621165,0.861904761904762,0.6153846153846154,0.5495792009349975,0.5677966101694916,0.7203389830508474
human_control-0014,rewrite,human_control,0.8815267175572519,2.776416789155643,0.6224066390041494,0.6532745386248571,0.014354066985645933,0.20595634070433153,0.4899205864386072,0.42315918117934614,0.8165931732810714,2.9560720014582573,0.91701244813278,0.6923076923076923,0.4879957174223227,0.5174129353233831,0.7263681592039801
human_control-0015,rewrite,human_control,0.8287937743190662,4.646251319957761,0.7246376811594203,0.0,0.0,0.23558031787998152,0.6208641494745037,0.27920560747663553,0.8447729672650475,0.34734492615531204,0.8985507246376812,0.5882352941176471,0.46570425936638005,0.5240641711229946,0.6898395721925134
human_control-0016,rewrite,human_control,0.845879556259905,3.966679888932963,0.6185567010309279,0.0,0.0,0.14347948400083096,0.5762980578676179,0.3203806502775575,0.0,1.227548733874821,0.865979381443299,0.6923076923076923,0.5643847121347035,0.43352601156069365,0.6473988439306358
human_control-0017,rewrite,human_control,0.8504059962523423,6.75571933056963,0.6194331983805668,0.6141563027790573,0.018691588785046728,0.1909574192693936,0.5751327710090597,0.3278125,0.921234454168586,2.4889515426497284,0.8421052631578947,0.7692307692307693,0.6067664738588502,0.5109489051094891,0.6934306569343066
human_control-0018,rewrite,human_control,0.7884386174016687,7.751937984496124,0.4672131147540984,0.2981514609421586,0.010101010101010102,0.15450497062560162,0.6768038163387,0.21897374701670644,0.0,2.1047378556557947,0.7868852459016393,0.6923076923076923,0.5439936193552221,0.33035714285714285,0.5178571428571429
human_control-0019,rewrite,human_control,0.8533950617283951,5.4293183189221805,0.7233009708737864,1.0054293183189222,0.024844720496894408,0.24461990160663977,0.550366653801621,0.372972972972973,0.20108586366378445,3.9933045130641314,0.8592233009708737,0.8125,0.5895671207787921,0.5636363636363636,0.75
human_control-0020,rewrite,human_control,0.8394568690095847,5.9904153354632586,0.512,0.0,0.0,0.2388731590134945,0.600079904115062,0.302158273381295,0.3993610223642172,0.4535091701054562,0.792,0.9264705882352942,0.6741110882190883,0.5029940119760479,0.6586826347305389
human_control-0021,rewrite,human_control,0.880122665179816,6.081668114682885,0.5914893617021276,1.882421083116131,0.060109289617486336,0.20103806650636186,0.5002788622420524,0.41338912133891215,0.0,2.9397255958210913,0.8723404255319149,1.0,0.6959626192923922,0.4642857142857143,0.6369047619047619
human_control-0022,rewrite,human_control,0.8262281770198945,14.37986818454164,0.38636363636363635,0.9986019572598362,0.030927835051546393,0.16711346099911328,0.6352558895207149,0.24542868752539618,5.991611743559018,0.4843108755129959,0.7727272727272727,0.8703703703703703,0.6503949959017564,0.46846846846846846,0.6621621621621622
human_control-0023,rewrite,human_control,0.8552123552123552,10.652988755178537,0.4876543209876543,0.789110278161373,0.027972027972027972,0.14846806810908367,0.5704905368868289,0.3218701700154559,0.0,2.756580663615561,0.8024691358024691,0.9285714285714286,0.6850030479610005,0.3953488372093023,0.6162790697674418
human_control-0024,rewrite,human_control,0.854043392504931,7.832386919913843,0.4063926940639269,1.7622870569806148,0.03980099502487562,0.1613373106511593,0.5627466456195738,0.3272799052506909,0.0,2.3550958698661746,0.7671232876712328,1.1818181818181819,0.7765234759767063,0.45161290322580644,0.6666666666666666
human_control-0025,rewrite,human_control,0.7618122977346279,11.061285500747383,0.6339285714285714,0.8968609865470852,0.03333333333333333,0.19769038667784805,0.6845854922279793,0.21905379131561892,0.0,2.0614822363500376,0.7053571428571429,1.0,0.6242110257743906,0.3838383838383838,0.5959595959595959
human_control-0026,rewrite,human_control,0.8692568609312366,12.307692307692308,0.6321070234113713,1.7582417582417582,0.04864864864864865,0.25933725808728575,0.526835286859963,0.36747917309472383,0.0,0.894726289217454,0.7993311036789298,1.3333333333333333,0.8578905320537792,0.5149700598802395,0.6766467065868264
human_control-0027,rewrite,human_control,0.832076220722509,13.296288946219487,0.5621890547263682,0.3969041476483429,0.012048192771084338,0.17180652060330592,0.6064336775218427,0.2852602304330552,0.19845207382417146,1.6025620625291648,0.7562189054726368,1.2727272727272727,0.7400479496722657,0.437125748502994,0.6407185628742516
human_control-0028,rewrite,human_control,0.8298210735586481,10.765316108827559,0.4782608695652174,1.9573302016050107,0.047619047619047616,0.190431362459925,0.6503579952267303,0.23915638678869877,0.0,1.4435064282374943,0.782608695652174,1.2777777777777777,0.7642901369059206,0.5147679324894515,0.7088607594936709
human_control-0029,rewrite,human_control,0.8367875647668394,5.763116057233704,0.5233644859813084,1.589825119236884,0.03888888888888889,0.15716465294960205,0.6086393088552916,0.2912705272255834,0.794912559618442,1.9618967844869906,0.7616822429906542,1.0,0.6512262668164298,0.3860759493670886,0.5569620253164557
human_control-0030,rewrite,human_control,0.8475390156062425,2.3871096081161727,0.52,3.580664412174259,0.0958904109589041,0.14848114174561353,0.5532425940752602,0.3532238686423708,0.9946290033817385,3.9500667263770706,0.8466666666666667,1.03125,0.7113569779944341,0.33540372670807456,0.5031055900621118
human_control-0031,rewrite,human_control,0.8021052631578948,7.574247558301773,0.3627906976744186,0.5979669124975084,0.017857142857142856,0.1361693040911909,0.6647009267059815,0.21744627054361568,0.3986446083316723,0.9711919706300329,0.6558139534883721,1.1,0.7523686925164605,0.384180790960452,0.5706214689265536
human_control-0032,rewrite,human_control,0.8180235089246843,6.598680263947211,0.5825688073394495,0.9998000399920016,0.023391812865497075,0.20764685768026137,0.6236933797909407,0.27058823529411763,0.3999200159968006,2.676095847836897,0.6697247706422018,1.4444444444444444,0.8195992381360044,0.4502923976608187,0.6374269005847953
human_control-0033,rewrite,human_control,0.8328482328482328,4.796163069544364,0.5270935960591133,0.3996802557953637,0.006289308176100629,0.23873563378943263,0.6064891846921797,0.2808988764044944,0.19984012789768185,2.963001529411765,0.7980295566502463,0.8333333333333334,0.6213579809191873,0.4666666666666667,0.6666666666666666
human_control-0034,rewrite,human_control,0.841276419394944,3.5806644121742592,0.5207100591715976,1.392480604734434,0.046052631578947366,0.23839904694688405,0.5310945273631841,0.38987971795935294,0.19892580067634774,3.453830740216879,0.7692307692307693,1.0909090909090908,0.8097176435456418,0.35,0.4875
human_control-0035,rewrite,human_control,0.8308695652173913,3.5580154180668115,0.49,0.9883376161296699,0.02857142857142857,0.15373314430227142,0.6350587211831231,0.2732811140121845,0.39533504645186796,0.7033453865336659,0.76,1.5555555555555556,0.9592204384599468,0.44751381215469616,0.6519337016574586
human_control-0036,rewrite,human_control,0.849901768172888,3.72695174578266,0.38636363636363635,0.39231071008238527,0.014084507042253521,0.17475473385010862,0.5754716981132075,0.3232402674007078,0.1961553550411926,1.4050560592658117,0.7272727272727273,1.2115384615384615,0.7618638444372753,0.42953020134228187,0.6375838926174496
human_control-0037,rewrite,human_control,0.874766355140187,10.154125113327288,0.5869565217391305,3.9891205802357206,0.14615384615384616,0.21851557111872072,0.5044876589379207,0.4175084175084175,2.175883952855848,2.0726541024573097,0.8043478260869565,0.9852941176470589,0.6642965751175481,0.5254901960784314,0.7019607843137254
human_control-0038,rewrite,human_control,0.8232682060390764,13.121272365805169,0.3013698630136986,1.1928429423459244,0.04285714285714286,0.10725221288884003,0.603731674811195,0.2857777777777778,26.44135188866799,1.5018349664775656,0.6917808219178082,0.9285714285714286,0.6798133595365038,0.25925925925925924,0.42592592592592593
human_control-0039,rewrite,human_control,0.8385778504290968,5.095042132079169,0.4350282485875706,1.763668430335097,0.05063291139240506,0.1922023711286614,0.5629599345870809,0.3394683026584867,5.682931608857535,2.1885402409638557,0.672316384180791,1.3043478260869565,0.8241556973804846,0.42073170731707316,0.6158536585365854
human_control-0040,rewrite,human_control,0.8394793926247288,9.934432743890325,0.44495412844036697,1.1921319292668389,0.03278688524590164,0.3203624862530063,0.5802951388888888,0.3208858011289622,11.92131929266839,1.773655958803335,0.8348623853211009,1.2222222222222223,0.776844233423832,0.46616541353383456,0.631578947368421
human_control-0041,rewrite,human_control,0.825440313111546,7.614213197969543,0.27380952380952384,1.9941986947063088,0.06962025316455696,0.15658917484003965,0.6002349256068912,0.2765374069721896,12.146482958665699,1.9696748069059518,0.7142857142857143,1.4166666666666667,0.7652630163928663,0.3716216216216216,0.5405405405405406
human_control-0042,rewrite,human_control,0.8598856209150327,5.391373801916933,0.5042372881355932,1.1980830670926517,0.027649769585253458,0.18209973972911145,0.5353494074376788,0.3724448078495503,2.196485623003195,2.7776291452592243,0.8686440677966102,1.2777777777777777,0.7135904051377403,0.38857142857142857,0.5428571428571428
human_control-0043,rewrite,human_control,0.8131119625372499,9.383110401277701,0.4225352112676056,0.798562587342783,0.024844720496894408,0.13546558743025178,0.6545996592844975,0.2390285470813805,0.19964064683569574,2.5939527764005947,0.6995305164319249,1.1,0.7654749146409218,0.3860759493670886,0.5822784810126582
human_control-0044,rewrite,human_control,0.8236051502145922,8.99640143942423,0.5152838427947598,0.5997600959616154,0.019230769230769232,0.13281434345939827,0.6440532417346501,0.25257731958762886,0.5997600959616154,1.6976391545042777,0.7379912663755459,1.375,0.8674326959938676,0.3674698795180723,0.6144578313253012
human_control-0045,rewrite,human_control,0.8345263157894737,10.54306743584643,0.6473029045643154,0.9946290033817387,0.023391812865497075,0.17488321467649198,0.6676495366470092,0.2026970080067425,0.3978516013526955,0.5247680425111222,0.7966804979253111,1.375,0.7680726207814836,0.5133928571428571,0.7098214285714286
human_control-0046,rewrite,human_control,0.8558217738545607,10.135135135135135,0.5706806282722513,0.5961844197138315,0.01764705882352941,0.24003418848693953,0.5622371740958789,0.3546487168700042,0.1987281399046105,1.636850709219858,0.7905759162303665,1.0909090909090908,0.638131972539784,0.5380710659898477,0.7411167512690355
human_control-0047,rewrite,human_control,0.8332640332640333,6.951340615690168,0.49710982658959535,0.9930486593843099,0.033112582781456956,0.15936233230700952,0.5927620632279534,0.3096129837702871,0.7944389275074478,0.9540818431911969,0.7052023121387283,0.8461538461538461,0.76838115669401,0.3559322033898305,0.5932203389830508
human_control-0048,rewrite,human_control,0.8246913580246914,5.141388174807197,0.46236559139784944,0.9887284951552304,0.03546099290780142,0.19463912961024837,0.5640181144503911,0.3439044481054366,0.0,2.8550048417572036,0.7688172043010753,0.8333333333333334,0.6210087891529278,0.4016393442622951,0.5901639344262295
human_control-0049,rewrite,human_control,0.8246268656716418,6.872177498527391,0.4228855721393035,1.3744354997054782,0.041379310344827586,0.19521593061792852,0.6250518457071754,0.25228215767634854,0.0,2.532728902953586,0.736318407960199,1.3333333333333333,0.7904540920026698,0.437125748502994,0.592814371257485
human_control-0050,rewrite,human_control,0.8065476190476191,4.391217564870259,0.6091370558375635,0.3992015968063872,0.014084507042253521,0.26952650617903773,0.6269672479795831,0.28085106382978725,0.0,0.6343803545051698,0.6954314720812182,1.1818181818181819,0.7268924226336111,0.4755244755244755,0.6083916083916084
human_control-0051,rewrite,human_control,0.8301805674978504,4.184100418410042,0.5974025974025974,1.5939430165371589,0.06015037593984962,0.15905549582165307,0.6103225806451613,0.3024956970740103,0.0,1.493928640541848,0.683982683982684,1.4285714285714286,0.8682968950419099,0.432258064516129,0.6193548387096774
human_control-0052,rewrite,human_control,0.8430944055944056,5.9844404548174746,0.5714285714285714,0.39896269698783166,0.014925373134328358,0.21267353900757197,0.6073458679492786,0.29352580927384075,0.0,0.7605893116820166,0.6175115207373272,1.28125,0.7772609383558549,0.4678362573099415,0.6491228070175439
human_control-0053,rewrite,human_control,0.8405428329092451,2.194732641660016,0.4306930693069307,0.19952114924181963,0.005917159763313609,0.19465059205038962,0.6190072125583369,0.24151103565365026,0.19952114924181966,0.7560108272506083,0.7524752475247525,1.1111111111111112,0.8101044803103049,0.43037974683544306,0.5886075949367089
human_control-0054,rewrite,human_control,0.8614232209737828,1.347449470644851,0.6062176165803109,0.19249278152069296,0.0056179775280898875,0.27927229158781175,0.49082053203446985,0.4325337331334333,0.0,1.8276300639658851,0.8549222797927462,1.2857142857142858,0.7147149028159322,0.536723163841808,0.7570621468926554
human_control-0055,rewrite,human_control,0.8390243902439024,3.778087094849871,0.527363184079602,0.7953867568104991,0.02631578947368421,0.21520316435662284,0.5347702318015454,0.39422294548413345,0.0,3.7561253961068353,0.8407960199004975,1.0833333333333333,0.7100878011275148,0.4930555555555556,0.7152777777777778
human_control-0056,rewrite,human_control,0.851131401349742,5.126182965299685,0.5441176470588235,0.7886435331230284,0.02857142857142857,0.17613133560845853,0.5329626687847498,0.38617401668653156,0.0,1.922900680272109,0.7941176470588235,1.1818181818181819,0.6945274097642158,0.43478260869565216,0.6739130434782609
human_control-0057,rewrite,human_control,0.8523189585028479,2.797202797202797,0.6521739130434783,0.5994005994005994,0.014492753623188406,0.3110963419577023,0.5616605616605617,0.36034201954397393,0.0,4.109322780203785,0.8173913043478261,1.05,0.6948981017187057,0.6217616580310881,0.8031088082901554
human_control-0058,rewrite,human_control,0.8191803971271652,9.577015163607342,0.3882978723404255,0.7980845969672785,0.025806451612903226,0.16664497979313705,0.6153846153846154,0.2748414376321353,0.3990422984836393,0.9874235407621805,0.776595744680851,1.1,0.7301621297897772,0.38345864661654133,0.556390977443609
human_control-0059,rewrite,human_control,0.7962264150943397,1.7946161515453638,0.5538461538461539,1.5952143569292123,0.05333333333333334,0.11498088909827242,0.6417785234899329,0.24255140579101972,0.3988035892323031,1.3806875298614432,0.7846153846153846,1.3095238095238095,0.7503186968480939,0.30405405405405406,0.4864864864864865
human_control-0060,rewrite,human_control,0.8022648083623694,4.0,0.5175879396984925,0.8,0.02702702702702703,0.20332918026388355,0.6396514161220044,0.24542284219703575,0.2,1.636603534096566,0.7336683417085427,1.3,0.7322133368561448,0.4041095890410959,0.5684931506849316
human_control-0061,rewrite,human_control,0.8175182481751825,6.6,0.5343137254901961,1.0,0.03333333333333333,0.18662348770298184,0.6739690721649485,0.2049849591749033,0.2,1.3662016642192853,0.7303921568627451,1.1818181818181819,0.67355401106305,0.41420118343195267,0.5976331360946746
human_control-0062,rewrite,human_control,0.8285953177257525,5.784959106323559,0.5572139303482587,0.39896269698783166,0.013986013986013986,0.21927818751185768,0.6386449184441656,0.24560669456066947,0.19948134849391583,1.1703551094890514,0.7512437810945274,0.9090909090909091,0.6415831333335091,0.49375,0.69375
human_control-0063,rewrite,human_control,0.8306772908366534,6.974890394579514,0.3333333333333333,1.5942606616181745,0.05555555555555555,0.2129158256255241,0.5894778796333201,0.29784688995215314,0.0,0.8824073467477772,0.7906976744186046,0.9054054054054054,0.6438292129268985,0.4251497005988024,0.5808383233532934
human_control-0064,rewrite,human_control,0.7836079791847355,12.901945216355697,0.5296610169491526,0.5954743946010321,0.016042780748663103,0.19366018130217572,0.6993492407809111,0.19661458333333334,1.5879317189360858,1.5214964841788046,0.6313559322033898,1.1666666666666667,0.8100780076162034,0.42196531791907516,0.630057803468208
human_control-0065,rewrite,human_control,0.848385778504291,8.186900958466454,0.5592592592592592,0.9984025559105432,0.018957345971563982,0.19189106660775246,0.5294358135731807,0.3803680981595092,0.7987220447284344,2.851580065359477,0.7703703703703704,0.75,0.6710064572060737,0.4296875,0.6328125
human_control-0066,rewrite,human_control,0.8509189925119128,1.9237495627841903,0.509090909090909,0.17488632388947184,0.006622516556291391,0.21681138182250412,0.5658835546475995,0.32833787465940056,0.0,1.434006992298338,0.8,1.0833333333333333,0.7173729623179758,0.4315068493150685,0.636986301369863
human_control-0067,rewrite,human_control,0.8281990521327014,3.395924890131842,0.536697247706422,0.5992808629644427,0.02,0.2958126620617927,0.5934413275385223,0.3173913043478261,0.0,2.4173426014319803,0.7339449541284404,1.15,0.6996001546966396,0.5368421052631579,0.6789473684210526
human_control-0068,rewrite,human_control,0.8318330605564648,7.98881565807869,0.39156626506024095,0.3994407829039345,0.017857142857142856,0.12283981062675739,0.6021285304952927,0.27764127764127766,0.3994407829039345,2.4299031445031205,0.8012048192771084,1.0,0.7498301295158207,0.39520958083832336,0.6227544910179641
human_control-0069,rewrite,human_control,0.830204081632653,3.972983710766786,0.4294478527607362,1.1918951132300357,0.047244094488188976,0.15221356487727344,0.5908534095549204,0.3161764705882353,0.1986491855383393,1.559604493580599,0.8404907975460123,1.0,0.6118031080364897,0.3220338983050847,0.4745762711864407
human_control-0070,rewrite,human_control,0.8586326767091541,0.7974481658692185,0.46835443037974683,0.9968102073365231,0.035211267605633804,0.21987865879613006,0.5166151468315301,0.3908001546192501,1.1961722488038278,3.807089665309814,0.8734177215189873,0.71875,0.5404480594152992,0.42028985507246375,0.6231884057971014
human_control-0071,rewrite,human_control,0.8326563769293257,3.582802547770701,0.529126213592233,0.7961783439490446,0.023809523809523808,0.2448977365970946,0.6119463632669646,0.291869918699187,0.0,2.052252382086708,0.7524271844660194,1.0,0.6482135730956516,0.4583333333333333,0.6166666666666667
human_control-0072,rewrite,human_control,0.8138546536336592,5.563282336578581,0.5747663551401869,0.794754619511226,0.025477707006369428,0.2317681955209146,0.6262755102040817,0.2717992343683539,0.0,2.0171275535625313,0.7336448598130841,1.0833333333333333,0.7031289402171712,0.46938775510204084,0.6802721088435374
human_control-0073,rewrite,human_control,0.8616938616938616,2.564608404024462,0.5621301775147929,0.789110278161373,0.026845637583892617,0.24328562557644268,0.5149630781189273,0.39463452566096424,0.19727756954034326,3.602464745011087,0.893491124260355,0.8571428571428571,0.5601192280813848,0.4765625,0.6640625
human_control-0074,rewrite,human_control,0.8885542168674698,0.9948269001193792,0.5323741007194245,3.1834460803820135,0.1111111111111111,0.2483496327638593,0.4527306967984934,0.48718914845516204,0.0,1.854716448801743,0.935251798561151,0.9166666666666666,0.5930270280372842,0.4690265486725664,0.6194690265486725
human_control-0075,rewrite,human_control,0.845642829230168,5.0,0.5333333333333333,2.8,0.09701492537313433,0.1825975451129299,0.5602032838154808,0.3476730543605788,0.4,2.0811031890660594,0.8133333333333334,0.7647058823529411,0.6195485897185603,0.38596491228070173,0.543859649122807
human_control-0076,rewrite,human_control,0.8391580619539317,9.422850412249705,0.41420118343195267,0.7852375343541421,0.02631578947368421,0.24613748562333787,0.5891934843067144,0.29451510333863273,0.5889281507656066,1.4076012336719887,0.8106508875739645,1.0,0.6328656761233684,0.49746192893401014,0.6751269035532995
human_control-0077,rewrite,human_control,0.8480336006109201,7.719714964370546,0.5477707006369427,0.7917656373713381,0.028169014084507043,0.20924433338130055,0.5767761650114591,0.32632785632403516,0.19794140934283452,1.4553084370677731,0.8280254777070064,0.7333333333333333,0.5258848899698488,0.45108695652173914,0.6304347826086957
human_control-0078,rewrite,human_control,0.7977332170880558,6.986027944111776,0.4791666666666667,1.596806387225549,0.03271028037383177,0.15760969664552632,0.6428259921500218,0.2469458987783595,0.0,1.9318034219596263,0.7222222222222222,1.4583333333333333,0.81453279399707,0.38513513513513514,0.6081081081081081
human_control-0079,rewrite,human_control,0.8079216354344123,6.560636182902584,0.6038461538461538,1.1928429423459244,0.026595744680851064,0.16226886294434598,0.668086919471666,0.20971867007672634,0.0,1.652062530413625,0.6807692307692308,1.25,0.7642052481794682,0.4523809523809524,0.6785714285714286
human_control-0080,rewrite,human_control,0.8410404624277457,3.185347401951025,0.463855421686747,0.7963368504877564,0.027777777777777776,0.16921906870612893,0.5790995456422966,0.32231404958677684,0.19908421262193907,0.9149628266033255,0.7710843373493976,1.1730769230769231,0.7142879899693467,0.39823008849557523,0.6106194690265486
human_control-0081,rewrite,human_control,0.8437754271765663,7.748857540234452,0.573170731707317,0.0,0.0,0.18570122579183015,0.5608465608465608,0.34486970684039087,0.0,0.866028746928747,0.8130081300813008,0.9,0.5988394045383016,0.31092436974789917,0.46218487394957986
human_control-0082,rewrite,human_control,0.852789869410368,6.568471337579618,0.5859030837004405,0.7961783439490446,0.022598870056497175,0.12624884841690104,0.557403008709422,0.3568316831683168,0.0,1.356489786223278,0.8370044052863436,0.7272727272727273,0.5491190488045476,0.2868217054263566,0.4418604651162791
human_control-0083,rewrite,human_control,0.8691119691119691,4.391217564870259,0.46396396396396394,2.395209580838323,0.05641025641025641,0.1298119421954997,0.5303205870992661,0.37712519319938176,0.0,2.9118170384432847,0.8558558558558559,0.7272727272727273,0.5336127688872078,0.34579439252336447,0.5514018691588785
human_control-0084,rewrite,human_control,0.8448764682057514,3.3630069238377844,0.5137614678899083,1.1869436201780414,0.03260869565217391,0.24261656035109166,0.580226904376013,0.318200243210377,0.0,0.6924495345418913,0.908256880733945,0.7272727272727273,0.5303698018083076,0.4444444444444444,0.6
human_control-0085,rewrite,human_control,0.8436196830692243,5.379557680812911,0.3617021276595745,0.9962143853357243,0.03184713375796178,0.18197649493199253,0.5523571130579892,0.3493322203672788,0.19924287706714486,1.6626609874826148,0.7978723404255319,1.4166666666666667,0.7543596305747815,0.4306569343065693,0.6642335766423357
human_control-0086,rewrite,human_control,0.8035264483627204,7.16275368085953,0.3954802259887006,0.9948269001193792,0.029239766081871343,0.17301122264246438,0.6858462830743385,0.1903361344537815,1.193792280143255,0.6048820211233797,0.6949152542372882,1.0833333333333333,0.6961828745329975,0.47282608695652173,0.6793478260869565
human_control-0087,rewrite,human_control,0.780466724286949,7.577268195413759,0.296969696969697,1.3958125623130608,0.04316546762589928,0.1389454631511519,0.7181150021616948,0.1643598615916955,0.5982053838484547,0.9678259206121472,0.6181818181818182,1.0,0.6685326735772383,0.310126582278481,0.4810126582278481
human_control-0088,rewrite,human_control,0.8207663782447466,7.5546719681908545,0.3125,1.3916500994035785,0.046357615894039736,0.170501045873042,0.6335531739488871,0.2581443298969072,0.3976143141153082,2.476316859122402,0.6420454545454546,0.9230769230769231,0.6307881384855919,0.4319526627218935,0.6153846153846154
human_control-0089,rewrite,human_control,0.8386837881219904,7.398520295940812,0.546448087431694,0.19996000799840033,0.0072992700729927005,0.22005058588628537,0.5824969891609795,0.31606425702811247,0.1999600079984003,2.5310726703755217,0.825136612021858,0.8076923076923077,0.6013025968617789,0.4416243654822335,0.5939086294416244
human_control-0090,rewrite,human_control,0.8251864125932062,23.343974461292895,0.5114503816793893,0.7980845969672785,0.04938271604938271,0.14844059992260708,0.6141732283464567,0.2732172470978441,1.9952114924181963,0.4803883211678832,0.7099236641221374,1.3035714285714286,0.7886026991103285,0.3732394366197183,0.5845070422535211
human_control-0091,rewrite,human_control,0.8122714343762698,14.878000396746678,0.5,0.5951200158698671,0.022727272727272728,0.16422534833580016,0.6447154471544716,0.2521350142334282,0.3967466772465781,0.9478017366136033,0.6793478260869565,0.9166666666666666,0.6326454502443274,0.39644970414201186,0.5976331360946746
human_control-0092,rewrite,human_control,0.8435595286468915,4.3581616481774965,0.6161137440758294,1.386687797147385,0.043209876543209874,0.1754793695231423,0.5894308943089431,0.3176087840585604,0.39619651347068147,2.1717472315840154,0.8009478672985783,1.0,0.6638493912607105,0.4573170731707317,0.6707317073170732
human_control-0093,rewrite,human_control,0.8636548636548637,4.990019960079841,0.5810055865921788,0.5988023952095808,0.02054794520547945,0.1883092795209912,0.5203583061889251,0.3845213849287169,0.1996007984031936,2.2318676674364895,0.8435754189944135,0.8333333333333334,0.5616366183610929,0.4394904458598726,0.643312101910828
human_control-0094,rewrite,human_control,0.8302535453373442,7.592407592407592,0.4425287356321839,0.7992007992007992,0.028368794326241134,0.1757676707118371,0.616079105760963,0.28731182795698923,0.3996003996003996,0.9039316072300928,0.7701149425287356,0.9166666666666666,0.6366346752828363,0.39416058394160586,0.5766423357664233
human_control-0095,rewrite,human_control,0.8489711934156379,9.34393638170974,0.4878048780487805,0.7952286282306164,0.02857142857142857,0.208563809219227,0.606010703993413,0.29448105436573313,2.385685884691849,1.549283189033189,0.7865853658536586,0.9230769230769231,0.6502711885117078,0.45695364238410596,0.6556291390728477
human_control-0096,rewrite,human_control,0.8625156707062265,7.928642220019821,0.5706214689265536,0.9910802775024777,0.03731343283582089,0.20307903004945954,0.5668896321070234,0.3228774571309076,0.0,1.7293500720807304,0.8305084745762712,0.88,0.5935368519430593,0.4508670520231214,0.6242774566473989
human_control-0097,rewrite,human_control,0.8042874156411274,11.575436531292917,0.4198895027624309,1.1771630370806356,0.03409090909090909,0.14331201125588325,0.6461477362986497,0.23083035359555026,0.0,1.2068291257597008,0.7348066298342542,0.9230769230769231,0.6291640741055939,0.40131578947368424,0.5592105263157895
human_control-0098,rewrite,human_control,0.814043583535109,12.669482107134918,0.42,0.4445432318292954,0.007462686567164179,0.30125277344762075,0.6656976744186046,0.23024721279689772,0.8890864636585908,0.47953728673637863,0.62,1.7777777777777777,0.9220096086083779,0.5157232704402516,0.6729559748427673
human_control-0099,rewrite,human_control,0.8562577447335812,11.990407673860911,0.36879432624113473,0.7993605115907274,0.03361344537815126,0.1963007453363336,0.5669421487603306,0.33236874741628775,0.0,1.8914962794047048,0.851063829787234,0.8235294117647058,0.5624762286459075,0.3983050847457627,0.5508474576271186
phase-rewrite-0000,rewrite,rewrite_output,0.8221174453493356,7.9966329966329965,0.44623655913978494,1.0521885521885521,0.02857142857142857,0.16809885942271272,0.5844768439108061,0.3268983268983269,0.42087542087542085,5.315089873417721,0.8602150537634409,1.1304347826086956,0.6060133313377368,0.3474576271186441,0.4745762711864407
phase-rewrite-0001,rewrite,rewrite_output,0.8507395786642761,5.680527152919791,0.46835443037974683,2.7266530334014996,0.08029197080291971,0.10991877233095393,0.526457399103139,0.3965903992821893,0.0,9.65358137100994,0.810126582278481,0.9230769230769231,0.5893556447140277,0.275,0.45
phase-rewrite-0002,rewrite,rewrite_output,0.8394886363636364,9.330905780609923,0.4093567251461988,0.4551661356395084,0.012987012987012988,0.1476036008137461,0.5637138796778778,0.36777251184834125,0.2275830678197542,5.978351481075151,0.8596491228070176,0.9545454545454546,0.6474001117550207,0.27956989247311825,0.3978494623655914
phase-rewrite-0003,rewrite,rewrite_output,0.829979879275654,11.678832116788321,0.52046783625731,0.48661800486618007,0.013422818791946308,0.221938812030438,0.5772521389028686,0.3539778449144008,0.24330900243309003,3.6813750714694105,0.8011695906432749,0.6590909090909091,0.49144509557344673,0.4824561403508772,0.6842105263157895
phase-rewrite-0004,rewrite,rewrite_output,0.8335483870967741,7.071547420965058,0.5637254901960784,1.0399334442595674,0.028735632183908046,0.18685722279046202,0.592512908777969,0.32285837279380114,0.0,6.849420541645373,0.8578431372549019,0.8181818181818182,0.6068370065821342,0.45323741007194246,0.6546762589928058
phase-rewrite-0005,rewrite,rewrite_output,0.8606965174129353,8.499170812603648,0.5,2.902155887230514,0.08139534883720931,0.30395741853175967,0.5209456656988801,0.3995850622406639,0.20729684908789386,16.025280874579533,0.7413793103448276,0.8461538461538461,0.5601208428417331,0.5988023952095808,0.8023952095808383
phase-rewrite-0006,rewrite,rewrite_output,0.8550531914893617,8.029364533149804,0.373134328358209,3.211745813259922,0.0896551724137931,0.2096688464472257,0.5046563192904656,0.4157054125998225,0.22941041523285155,12.41183312085671,0.8507462686567164,0.6470588235294118,0.4781345055856637,0.41,0.57
phase-rewrite-0007,rewrite,rewrite_output,0.8539426523297491,7.366071428571429,0.4,1.3392857142857142,0.043795620437956206,0.1535817603393223,0.5522187359928283,0.36233183856502243,0.0,9.417697963800906,0.8580645161290322,0.8461538461538461,0.5872276674452714,0.38181818181818183,0.5818181818181818
phase-rewrite-0008,rewrite,rewrite_output,0.8414690841469085,7.033997655334115,0.33974358974358976,3.7514654161781946,0.09523809523809523,0.19141443580466636,0.5609302325581396,0.3643555141926477,0.0,10.579621574422355,0.8076923076923077,1.1346153846153846,0.6849467599435038,0.43243243243243246,0.6126126126126126
phase-rewrite-0009,rewrite,rewrite_output,0.8473491773308958,5.457025920873124,0.3014705882352941,2.728512960436562,0.0873015873015873,0.1818706800106831,0.5381801554641061,0.3709972552607502,0.0,10.488151845207584,0.8161764705882353,0.6875,0.5033968556917945,0.3829787234042553,0.5851063829787234
phase-rewrite-0010,rewrite,rewrite_output,0.8292563600782779,6.644518272425249,0.44805194805194803,0.7119126720455624,0.02112676056338028,0.14178833702175905,0.5589818893783651,0.3555337904015671,0.0,12.848043145821958,0.8246753246753247,0.9230769230769231,0.675734109566274,0.3103448275862069,0.4942528735632184
phase-rewrite-0011,rewrite,rewrite_output,0.8456109395677106,6.48228176318064,0.46706586826347307,1.7286084701815039,0.04861111111111111,0.15610245400971873,0.5525154457193292,0.35673289183222956,0.648228176318064,8.53280298431968,0.8383233532934131,0.8333333333333334,0.6591875245820304,0.38095238095238093,0.5619047619047619
phase-rewrite-0012,rewrite,rewrite_output,0.8372093023255814,6.715771230502599,0.5892857142857143,3.466204506065858,0.09259259259259259,0.25742425825541665,0.525460930640913,0.3935002195871761,0.0,12.279950248138961,0.8869047619047619,0.8571428571428571,0.5606238558588665,0.5076923076923077,0.676923076923077
phase-rewrite-0013,rewrite,rewrite_output,0.8234482758620689,5.975637784417375,0.5029239766081871,2.757986669731096,0.07236842105263158,0.15793716985855108,0.5740570377184913,0.3469857340082835,0.22983222247759136,11.109004094030634,0.7777777777777778,0.8541666666666666,0.547208474358793,0.36607142857142855,0.5535714285714286
phase-rewrite-0014,rewrite,rewrite_output,0.8319039451114922,6.772673733804476,0.4322033898305085,1.1778563015312131,0.036036036036036036,0.11278976639400741,0.5852402745995423,0.3308528906697195,0.0,13.765329296615795,0.8898305084745762,0.6896551724137931,0.5436637616342345,0.3277310924369748,0.48739495798319327
phase-rewrite-0015,rewrite,rewrite_output,0.8313465783664459,7.976955461998671,0.3657142857142857,3.323731442499446,0.08227848101265822,0.153360969165079,0.5446113074204947,0.38267786124613345,0.0,11.288018547140648,0.8057142857142857,0.9166666666666666,0.5870070087800039,0.35833333333333334,0.5416666666666666
phase-rewrite-0016,rewrite,rewrite_output,0.8071599045346062,6.295173700163208,0.45695364238410596,1.6320820704126837,0.0546875,0.18338337336270602,0.6184336198662846,0.27854753941710464,0.0,7.3910121687398584,0.8013245033112583,0.8888888888888888,0.6014826993039065,0.4016393442622951,0.5983606557377049
phase-rewrite-0017,rewrite,rewrite_output,0.840973630831643,6.940191875893039,0.641860465116279,2.449479485609308,0.05952380952380952,0.15587298021468673,0.5523538961038961,0.35850588712951686,0.0,11.505755200945634,0.8325581395348837,0.8181818181818182,0.5782005250534913,0.376,0.568
phase-rewrite-0018,rewrite,rewrite_output,0.8520084566596194,12.236710130391174,0.5078125,1.0030090270812437,0.026881720430107527,0.2015274507711236,0.5706429780033841,0.33474396953025815,0.20060180541624872,4.904596041767848,0.78515625,1.25,0.7195662047830289,0.4329268292682927,0.5975609756097561
phase-rewrite-0019,rewrite,rewrite_output,0.8531412565026011,11.57453602075434,0.5458937198067633,0.5986828976252245,0.014778325123152709,0.24475235482067778,0.5052041633306645,0.434120945134161,0.0,10.24055367816092,0.8502415458937198,0.7272727272727273,0.543611579340084,0.547945205479452,0.726027397260274
phase-rewrite-0020,rewrite,rewrite_output,0.8496385542168675,8.194802154062282,0.5408163265306123,0.0,0.0,0.21581577171340974,0.5540019286403086,0.36710082006753497,0.0,7.484438907193849,0.7857142857142857,1.1111111111111112,0.7011978706629064,0.4214876033057851,0.6033057851239669
phase-rewrite-0021,rewrite,rewrite_output,0.8590057049714751,5.4945054945054945,0.5933609958506224,0.7849293563579278,0.02030456852791878,0.15635374144095432,0.5654300856094578,0.3442088091353997,0.0,5.200601237739373,0.8464730290456431,0.8888888888888888,0.6136318591794272,0.4594594594594595,0.6864864864864865
phase-rewrite-0022,rewrite,rewrite_output,0.8364700961940611,6.334286881896199,0.5555555555555556,2.2476501838986516,0.05365853658536585,0.1823487673298202,0.5765690376569038,0.32607785684386775,0.0,4.381486763978228,0.8189300411522634,0.8888888888888888,0.6192896695094815,0.4068965517241379,0.6
phase-rewrite-0023,rewrite,rewrite_output,0.7646544181977253,8.112724167378309,0.3246753246753247,0.8539709649871904,0.03333333333333333,0.18637530182061396,0.670753064798599,0.26730937773882557,1.2809564474807857,6.2028150753768845,0.7792207792207793,0.5,0.5252055292721053,0.3050847457627119,0.4915254237288136
phase-rewrite-0024,rewrite,rewrite_output,0.8232673267326732,4.207868714496108,0.5580357142857143,1.051967178624027,0.03205128205128205,0.14670473226101463,0.6151560178306092,0.29385530227948464,16.410687986534818,4.183718566862014,0.84375,1.0588235294117647,0.6887246695285566,0.48333333333333334,0.7333333333333333
phase-rewrite-0025,rewrite,rewrite_output,0.8245445829338447,4.065040650406504,0.6380090497737556,0.6097560975609756,0.021897810218978103,0.20833497518149693,0.6249400479616307,0.2706333973128599,19.308943089430894,3.20109630400833,0.832579185520362,1.25,0.753525368364749,0.4666666666666667,0.6916666666666667
phase-rewrite-0026,rewrite,rewrite_output,0.8298507462686567,7.0906746884400516,0.48863636363636365,1.289213579716373,0.03546099290780142,0.22835639725817541,0.5639931740614335,0.3525394793000427,0.42973785990545765,7.653110694652676,0.7840909090909091,0.6923076923076923,0.5778334549583073,0.42028985507246375,0.5652173913043478
phase-rewrite-0027,rewrite,rewrite_output,0.8235567970204841,9.192825112107624,0.36942675159235666,0.8968609865470852,0.029411764705882353,0.22482042909903455,0.5943176525384257,0.30754892823858343,2.0179372197309418,5.07733029395754,0.7197452229299363,1.0833333333333333,0.685944178414313,0.4036697247706422,0.5688073394495413
phase-rewrite-0028,rewrite,rewrite_output,0.8247048138056312,8.620689655172413,0.38848920863309355,0.9319664492078286,0.03225806451612903,0.18987256041344064,0.5970013630168105,0.3,0.0,7.591454976303318,0.841726618705036,0.7666666666666667,0.5608113960198429,0.37373737373737376,0.5353535353535354
phase-rewrite-0029,rewrite,rewrite_output,0.8293633607622347,9.858551221603086,0.5227272727272727,1.7145306472353192,0.04195804195804196,0.21281214192285747,0.5814558058925476,0.3207628955353273,0.0,12.289947680282399,0.8465909090909091,1.0416666666666667,0.640332961112403,0.5060975609756098,0.7012195121951219
phase-rewrite-0030,rewrite,rewrite_output,0.8273056057866185,10.725696029210406,0.5602409638554217,2.9666818804198996,0.08275862068965517,0.14038407358293573,0.561284486657621,0.3588235294117647,0.0,10.38571814872595,0.8614457831325302,0.8333333333333334,0.5555335223779881,0.40764331210191085,0.6178343949044586
phase-rewrite-0031,rewrite,rewrite_output,0.8092948717948718,5.279831045406547,0.375,1.8479408658922913,0.05555555555555555,0.15083054904796997,0.6050240513094601,0.313903743315508,0.0,6.528724078700812,0.8026315789473685,0.8333333333333334,0.5601645796339878,0.3253012048192771,0.5180722891566265
phase-rewrite-0032,rewrite,rewrite_output,0.8604412519240636,9.821203727020903,0.4375,1.007302946361118,0.027210884353741496,0.17481184620477397,0.4794661190965092,0.46070878274268107,0.0,9.161615860679332,0.85,0.7692307692307693,0.601954841812173,0.3761467889908257,0.5871559633027523
phase-rewrite-0033,rewrite,rewrite_output,0.8483455882352942,8.088070096607504,0.5679611650485437,2.022017524151876,0.04081632653061224,0.16180565916884235,0.48137931034482756,0.45722171113155474,0.0,12.612289892252436,0.8640776699029126,0.8181818181818182,0.6143271277765924,0.4244604316546763,0.6474820143884892
phase-rewrite-0034,rewrite,rewrite_output,0.8747433264887063,7.841518778373916,0.5761904761904761,1.031778786628147,0.02857142857142857,0.23423474752677717,0.4884963023829088,0.42498972461981094,0.0,8.875042884523237,0.8857142857142857,0.9,0.544640514318712,0.45555555555555555,0.6555555555555556
phase-rewrite-0035,rewrite,rewrite_output,0.8543729372937293,4.153686396677051,0.5340314136125655,1.2461059190031152,0.0375,0.19778999353184012,0.5489063144861742,0.3546655656482246,0.0,11.11640461943514,0.8010471204188482,0.8333333333333334,0.575422739344456,0.42857142857142855,0.6428571428571429
phase-rewrite-0036,rewrite,rewrite_output,0.7954796030871003,8.058017727639,0.47928994082840237,1.0744023636852,0.023076923076923078,0.11119907071351876,0.6205184776613348,0.2875275938189846,0.0,8.37126094434021,0.8402366863905325,1.2,0.708614969861827,0.2892561983471074,0.45454545454545453
phase-rewrite-0037,rewrite,rewrite_output,0.8268671193016489,8.928571428571429,0.3431952662721893,3.289473684210526,0.10071942446043165,0.15462390201595055,0.5657447840853954,0.3359223300970874,0.4699248120300752,7.314692900385252,0.7455621301775148,1.2727272727272727,0.7310983428742316,0.30952380952380953,0.47619047619047616
phase-rewrite-0038,rewrite,rewrite_output,0.8414526129317981,7.409021573327522,0.4777777777777778,1.9612115929396383,0.058823529411764705,0.18093331686357803,0.5657953035002216,0.3470744680851064,0.21791239921551536,9.400291097622661,0.8166666666666667,0.9166666666666666,0.6343692491154391,0.37962962962962965,0.5648148148148148
phase-rewrite-0039,rewrite,rewrite_output,0.8402417962003454,7.830687830687831,0.4228571428571429,1.4814814814814814,0.05343511450381679,0.10616647715490152,0.5654427645788337,0.33923941227312016,0.0,6.526365182591293,0.7657142857142857,1.2727272727272727,0.7294171120441985,0.33620689655172414,0.5517241379310345
phase-rewrite-0040,rewrite,rewrite_output,0.8380221653878943,7.258399004562422,0.4619883040935672,1.6590626296142679,0.046153846153846156,0.1396386232985934,0.5803837953091684,0.33063139931740615,0.0,8.359128361858192,0.8421052631578947,1.1538461538461537,0.6416002333848732,0.3493150684931507,0.5273972602739726
phase-rewrite-0041,rewrite,rewrite_output,0.8403284671532847,9.04977375565611,0.5583756345177665,0.20567667626491157,0.006211180124223602,0.2008009686098398,0.5390232770424463,0.37534246575342467,0.0,6.069697869674183,0.7563451776649747,0.95,0.7036580525849749,0.4222222222222222,0.6296296296296297
phase-rewrite-0042,rewrite,rewrite_output,0.8307622504537205,7.332722273143905,0.4507042253521127,2.749770852428964,0.08,0.24812737340908972,0.5601452564684521,0.3628519527702089,0.22914757103574704,10.617912571876635,0.8309859154929577,0.7333333333333333,0.4727012599538781,0.46788990825688076,0.6146788990825688
phase-rewrite-0043,rewrite,rewrite_output,0.8397129186602871,10.70299197275602,0.4628099173553719,1.9459985405010947,0.05172413793103448,0.24668779899515245,0.5859262805169938,0.3290229885057471,0.24324981756263683,10.128698469108802,0.8016528925619835,0.7058823529411765,0.4716769573756531,0.4864864864864865,0.7027027027027027
phase-rewrite-0044,rewrite,rewrite_output,0.8190335305719921,9.006815968841284,0.38028169014084506,1.4605647517039921,0.05,0.28274712134258306,0.5994079921065614,0.3228035538005923,0.24342745861733203,4.361205549099361,0.7253521126760564,1.0384615384615385,0.6666502142535536,0.43410852713178294,0.5658914728682171
phase-rewrite-0045,rewrite,rewrite_output,0.8542402826855123,9.010941857970392,0.4857142857142857,0.6436387041407423,0.017341040462427744,0.21779873289729482,0.5276182059213433,0.400972590627763,0.0,8.402307566616392,0.8333333333333334,1.2222222222222223,0.7019513506836952,0.46846846846846846,0.6756756756756757
phase-rewrite-0046,rewrite,rewrite_output,0.8306878306878307,7.429765498026469,0.5652173913043478,0.4643603436266543,0.012345679012345678,0.1571310051974513,0.6251203079884504,0.2821376986037554,0.0,6.132770985915494,0.8164251207729468,0.9444444444444444,0.6361424109448862,0.36036036036036034,0.5225225225225225
phase-rewrite-0047,rewrite,rewrite_output,0.856,10.21087680355161,0.46405228758169936,1.997780244173141,0.06666666666666667,0.19331588087248924,0.5011116051578479,0.4412811387900356,0.0,9.724843984962408,0.8300653594771242,0.8,0.5874997814236479,0.39603960396039606,0.5643564356435643
phase-rewrite-0048,rewrite,rewrite_output,0.8750551876379691,5.841383958660975,0.52,0.8986744551786116,0.02631578947368421,0.2783126665917815,0.4730565371024735,0.45603181617322136,0.0,10.147013527309857,0.8971428571428571,0.6923076923076923,0.5352532581209953,0.4823529411764706,0.6823529411764706
phase-rewrite-0049,rewrite,rewrite_output,0.7910780669144981,7.3196235622168,0.43529411764705883,0.6971070059254095,0.028169014084507043,0.17503853454518542,0.6116071428571429,0.3104988830975428,0.0,3.460190186536902,0.8705882352941177,0.8269230769230769,0.5317083190399424,0.30303030303030304,0.4696969696969697
phase-rewrite-0050,rewrite,rewrite_output,0.8140994688556253,6.402363949766067,0.445859872611465,0.7387343018960847,0.02112676056338028,0.20373166691854824,0.5942028985507246,0.32334461092315125,0.0,10.151747444633733,0.8407643312101911,0.6923076923076923,0.5057461606911985,0.46226415094339623,0.660377358490566
phase-rewrite-0051,rewrite,rewrite_output,0.8422771815212319,8.204406938584153,0.54,1.1720581340834506,0.03816793893129771,0.17857236172116336,0.5915032679738562,0.31807566557683326,0.0,6.000507559681696,0.8333333333333334,0.8571428571428571,0.51649920941418,0.3875968992248062,0.5503875968992248
phase-rewrite-0052,rewrite,rewrite_output,0.8451584114234717,9.035511662113889,0.48,1.891153603698256,0.053691275167785234,0.17750191880922356,0.5366071428571428,0.3800803930326038,1.2607690691321707,8.978528575089697,0.7666666666666667,1.0,0.6828074615888298,0.40336134453781514,0.5966386554621849
phase-rewrite-0053,rewrite,rewrite_output,0.7478991596638656,8.27814569536424,0.38372093023255816,1.3245033112582782,0.045454545454545456,0.24960730443032791,0.6773700305810397,0.2394797245600612,2.980132450331126,3.5500964378801045,0.7093023255813954,1.0,0.5949927701158935,0.43243243243243246,0.6216216216216216
phase-rewrite-0054,rewrite,rewrite_output,0.8689759036144579,8.374384236453201,0.5297619047619048,0.0,0.0,0.2450645776615227,0.5027624309392266,0.4296482412060301,0.0,8.238049572649574,0.8452380952380952,0.8409090909090909,0.5647029898943092,0.49514563106796117,0.6796116504854369
phase-rewrite-0055,rewrite,rewrite_output,0.8351063829787234,8.106923751095529,0.5435897435897435,1.0955302366345312,0.02976190476190476,0.1979524667502203,0.5374722838137472,0.3797692990239574,0.0,7.937889783593357,0.7948717948717948,1.0,0.6434543041840349,0.4609375,0.6640625
phase-rewrite-0056,rewrite,rewrite_output,0.8090950022512382,8.855435023245517,0.52,1.9924728802302414,0.04891304347826087,0.20290750505542932,0.6337837837837837,0.26453357368183866,0.0,3.617435312024353,0.71,1.0,0.6444701034100966,0.4896551724137931,0.7034482758620689
phase-rewrite-0057,rewrite,rewrite_output,0.8242290748898679,5.592841163310962,0.4581005586592179,2.684563758389262,0.0625,0.2121453208109031,0.5658880564125165,0.3478835978835979,0.0,9.170956848971402,0.8156424581005587,0.6666666666666666,0.4804999684687528,0.46153846153846156,0.6846153846153846
phase-rewrite-0058,rewrite,rewrite_output,0.8402215594375799,7.308684436801376,0.5028901734104047,1.5047291487532244,0.0375,0.08439217870975349,0.5639386189258312,0.34498933901918977,0.0,7.907854217159477,0.8439306358381503,0.8035714285714286,0.584605155823007,0.3157894736842105,0.506578947368421
phase-rewrite-0059,rewrite,rewrite_output,0.8345487693710119,6.90640628721124,0.46853146853146854,2.8578232912598236,0.08391608391608392,0.22946512667612173,0.5640674874601003,0.3353102189781022,0.0,9.455728390059427,0.8181818181818182,0.6666666666666666,0.4536021621944792,0.48031496062992124,0.6535433070866141
phase-rewrite-0060,rewrite,rewrite_output,0.8526127735596248,8.016491067338524,0.5314685314685315,1.3742556115437472,0.03731343283582089,0.19233129876285493,0.5563002680965148,0.3531515422440769,0.0,9.743563938618925,0.8111888111888111,0.625,0.5203055408173096,0.4112903225806452,0.6129032258064516
phase-rewrite-0061,rewrite,rewrite_output,0.8454763811048839,9.270455461507456,0.4973821989528796,1.4107214832728738,0.04294478527607362,0.1409017861569804,0.5702843412094514,0.33613782051282054,0.0,5.549959250585478,0.8586387434554974,0.75,0.5469449698095779,0.3305084745762712,0.4745762711864407
phase-rewrite-0062,rewrite,rewrite_output,0.8543650793650793,8.217446270543615,0.527027027027027,2.1070375052675936,0.05228758169934641,0.24436345168188645,0.5303691941246527,0.38324066719618743,0.0,13.404213872163036,0.8513513513513513,0.75,0.5135038681653666,0.4888888888888889,0.6592592592592592
phase-rewrite-0063,rewrite,rewrite_output,0.8445305770887166,6.7186822713480705,0.5104166666666666,0.8669267446900737,0.017241379310344827,0.21786658674945034,0.5553640672124085,0.375,0.0,7.110767082294262,0.796875,0.8181818181818182,0.5768070680936146,0.453781512605042,0.6050420168067226
phase-rewrite-0064,rewrite,rewrite_output,0.8549176680017802,8.340847610459873,0.43859649122807015,2.9305680793507665,0.07142857142857142,0.17601547356242367,0.51246660730187,0.4111358574610245,0.0,10.663672844175492,0.8304093567251462,0.7692307692307693,0.5833763176286494,0.42748091603053434,0.648854961832061
phase-rewrite-0065,rewrite,rewrite_output,0.8703782405439864,7.089151450053706,0.4635416666666667,1.288936627282492,0.030612244897959183,0.25686156886016487,0.48299319727891155,0.4427903019991493,0.0,10.244720363994096,0.8697916666666666,0.75,0.5951173409136571,0.49193548387096775,0.6935483870967742
phase-rewrite-0066,rewrite,rewrite_output,0.8365591397849462,9.551310528653932,0.4230769230769231,1.7769880053309641,0.051470588235294115,0.1990259812287034,0.5615318416523236,0.3417993973310374,0.0,7.455734654731456,0.8012820512820513,0.8571428571428571,0.5694329884653007,0.375,0.5384615384615384
phase-rewrite-0067,rewrite,rewrite_output,0.851321092700403,5.934718100890208,0.43478260869565216,4.10865099292399,0.1258741258741259,0.24358406761211415,0.5456989247311828,0.3603765127745406,0.0,8.678744170641233,0.8260869565217391,0.9230769230769231,0.5149902184191891,0.41836734693877553,0.6122448979591837
phase-rewrite-0068,rewrite,rewrite_output,0.8373947718210013,6.1042075430564635,0.4943181818181818,0.8720296490080662,0.034482758620689655,0.17442647436017747,0.5726950354609929,0.33348115299334813,0.0,2.6520613456464375,0.8409090909090909,0.8333333333333334,0.5721516684025977,0.3582089552238806,0.5223880597014925
phase-rewrite-0069,rewrite,rewrite_output,0.8297271872060207,10.359116022099448,0.4068965517241379,1.6114180478821363,0.046875,0.16011015915148952,0.5670588235294117,0.3436911487758945,0.0,7.384061568194368,0.8482758620689655,0.8571428571428571,0.5327371616789045,0.3951612903225806,0.5806451612903226
phase-rewrite-0070,rewrite,rewrite_output,0.8546562228024369,6.005338078291815,0.631578947368421,2.4466192170818504,0.07092198581560284,0.2355105939313512,0.5276447540269917,0.3858885017421603,0.0,13.589823379275142,0.9078947368421053,0.7857142857142857,0.5375430510201528,0.4748201438848921,0.6258992805755396
phase-rewrite-0071,rewrite,rewrite_output,0.8232044198895028,7.1035747021081574,0.4864864864864865,1.1457378551787352,0.026143790849673203,0.19074357561768654,0.6047904191616766,0.30046082949308756,0.0,9.358616432811658,0.7783783783783784,0.9166666666666666,0.657126823418532,0.4967741935483871,0.7161290322580646
phase-rewrite-0072,rewrite,rewrite_output,0.8443087658089838,6.7878257061528355,0.48554913294797686,0.875848478213269,0.02631578947368421,0.14126607171219246,0.5820244328097731,0.3147097337407246,0.0,8.189389694656487,0.8323699421965318,0.8333333333333334,0.6141371930454192,0.3656716417910448,0.5223880597014925
phase-rewrite-0073,rewrite,rewrite_output,0.8071955719557196,10.961968680089486,0.3867924528301887,1.1185682326621924,0.030864197530864196,0.1773401537762085,0.6400553760959853,0.2460757156048015,0.0,5.395550164024057,0.7594339622641509,1.1111111111111112,0.7153417060655328,0.4025974025974026,0.5974025974025974
phase-rewrite-0074,rewrite,rewrite_output,0.7913130304543186,7.703777335984096,0.5146198830409356,0.7455268389662028,0.02158273381294964,0.12348053828631102,0.6463536463536463,0.255872063968016,0.0,5.475259666080844,0.7602339181286549,1.0,0.7368771328532869,0.3310344827586207,0.5172413793103449
phase-rewrite-0075,rewrite,rewrite_output,0.8334043459735833,6.097560975609756,0.42857142857142855,0.42052144659377627,0.013422818791946308,0.11807883079887631,0.5635123614663257,0.34754797441364604,0.0,7.883650317227915,0.7417582417582418,0.75,0.5298460628820048,0.2932330827067669,0.45864661654135336
phase-rewrite-0076,rewrite,rewrite_output,0.8714606741573033,8.44872095752171,0.38926174496644295,3.7549870922318704,0.09333333333333334,0.24413386684067978,0.5179856115107914,0.39991003148897886,0.0,17.36868327215522,0.87248322147651,0.7142857142857143,0.5301487024830578,0.5181818181818182,0.6909090909090909
phase-rewrite-0077,rewrite,rewrite_output,0.8736795774647887,8.285385500575375,0.34965034965034963,4.142692750287687,0.10884353741496598,0.17835089567117582,0.5213562307353589,0.38854625550660793,0.0,10.640056338028172,0.8461538461538461,0.8275862068965517,0.5052133167303993,0.37168141592920356,0.5398230088495575
phase-rewrite-0078,rewrite,rewrite_output,0.832449160035367,7.919520547945206,0.4632768361581921,2.1404109589041096,0.0440251572327044,0.21959935509074702,0.5709862892525431,0.35221238938053095,0.0,7.7941164961636815,0.7457627118644068,0.9038461538461539,0.5652078093450161,0.49732620320855614,0.6470588235294118
phase-rewrite-0079,rewrite,rewrite_output,0.8337874659400545,6.574621959237344,0.4294117647058823,2.6298487836949374,0.0650887573964497,0.17966000766818727,0.5715583825533849,0.3472727272727273,0.0,5.591932968179448,0.8176470588235294,1.1818181818181819,0.6744811134899769,0.4409937888198758,0.6335403726708074
phase-rewrite-0080,rewrite,rewrite_output,0.8303659742828883,7.365169874079354,0.4723618090452261,0.4751722499406035,0.014184397163120567,0.12637371713188092,0.5967342899554676,0.3094059405940594,0.0,4.458561490125675,0.8341708542713567,0.8888888888888888,0.664123884870957,0.3050847457627119,0.4661016949152542
phase-rewrite-0081,rewrite,rewrite_output,0.8196796338672769,9.402283411685696,0.45806451612903226,1.5670472352809492,0.046875,0.12431358296420268,0.6011904761904762,0.29225836005497025,0.0,8.015934266666665,0.8258064516129032,0.9038461538461539,0.5667916699860178,0.37579617834394907,0.5732484076433121
phase-rewrite-0082,rewrite,rewrite_output,0.8400216919739696,6.111535523300229,0.31654676258992803,0.7639419404125286,0.026785714285714284,0.14721494542071437,0.5561584373304395,0.36264929424538545,0.0,6.980443132380361,0.8561151079136691,0.6153846153846154,0.5350401733711148,0.3108108108108108,0.44594594594594594
phase-rewrite-0083,rewrite,rewrite_output,0.8305315765561109,5.798394290811775,0.36363636363636365,2.007136485280999,0.059602649006622516,0.10848087414981165,0.5481818181818182,0.37562528422010005,0.0,9.40329020356234,0.8068181818181818,0.8333333333333334,0.5527983782230439,0.2903225806451613,0.45161290322580644
phase-rewrite-0084,rewrite,rewrite_output,0.8222013170272813,7.369361322018759,0.41711229946524064,1.1165698972755695,0.03164556962025317,0.15172206191576723,0.5722352941176471,0.3253295668549906,0.8932559178204555,6.155078905839033,0.7219251336898396,1.0,0.6399860810869327,0.375,0.5892857142857143
phase-rewrite-0085,rewrite,rewrite_output,0.8423937871174052,6.801178871004307,0.5416666666666666,1.813647698934482,0.058823529411764705,0.22437425162486918,0.5690127970749543,0.34156378600823045,0.0,6.010036549707603,0.8214285714285714,0.8461538461538461,0.5867710590346146,0.4782608695652174,0.6869565217391305
phase-rewrite-0086,rewrite,rewrite_output,0.8070939639079029,7.221350078492936,0.35964912280701755,3.767660910518053,0.10909090909090909,0.1265398720802862,0.613947696139477,0.30218068535825543,0.0,9.19095446232626,0.8157894736842105,0.9615384615384616,0.59634601830662,0.3185840707964602,0.504424778761062
phase-rewrite-0087,rewrite,rewrite_output,0.8360581289736603,7.037297677691766,0.31875,0.7037297677691766,0.022900763358778626,0.15779084386753836,0.566560654248069,0.3472727272727273,0.0,6.783976242490442,0.85,0.8461538461538461,0.5521243563460476,0.35658914728682173,0.5426356589147286
phase-rewrite-0088,rewrite,rewrite_output,0.8244567533020878,9.054537797431038,0.5367647058823529,1.052853232259423,0.03125,0.23822795129962326,0.5694799658994032,0.3509594882729211,0.2105706464518846,5.964154401154402,0.8308823529411765,0.8382352941176471,0.6011658194291365,0.43243243243243246,0.5765765765765766
phase-rewrite-0089,rewrite,rewrite_output,0.8510917030567685,7.310589277802392,0.5403225806451613,1.1076650420912717,0.04424778761061947,0.2274535083243702,0.5321100917431193,0.3916083916083916,0.22153300841825432,5.909555639858371,0.8629032258064516,0.7647058823529411,0.5606591356596652,0.375,0.5375
phase-rewrite-0090,rewrite,rewrite_output,0.8317757009345794,9.603469640644363,0.47368421052631576,1.5489467162329615,0.043478260869565216,0.23458686061426534,0.5517456359102244,0.3799126637554585,0.0,11.24249873096447,0.8345864661654135,1.2727272727272727,0.7147723676874024,0.43023255813953487,0.5930232558139535
phase-rewrite-0091,rewrite,rewrite_output,0.8332598147331275,5.80895008605852,0.5310734463276836,2.1514629948364887,0.06338028169014084,0.12881813800139974,0.5728155339805825,0.3487858719646799,0.0,6.4615565874195156,0.7966101694915254,1.0,0.6116712758952748,0.3384615384615385,0.5153846153846153
phase-rewrite-0092,rewrite,rewrite_output,0.8296127562642369,9.307359307359308,0.3563218390804598,1.7316017316017316,0.052980132450331126,0.14643188774355617,0.589334548769371,0.3146374829001368,0.8658008658008658,7.559579299041857,0.8045977011494253,0.9583333333333334,0.6171609699142587,0.30701754385964913,0.4649122807017544
phase-rewrite-0093,rewrite,rewrite_output,0.8364044943820225,8.449417675268327,0.40372670807453415,3.882164877825988,0.10067114093959731,0.19200061873106963,0.5553057553956835,0.35132703553756184,0.0,16.522165613480784,0.8198757763975155,0.9230769230769231,0.566918555662405,0.4297520661157025,0.6363636363636364
phase-rewrite-0094,rewrite,rewrite_output,0.8475127847512784,8.540925266903916,0.3108108108108108,2.1352313167259784,0.059602649006622516,0.16982861744802796,0.54,0.37412750116333177,0.23724792408066428,9.848447375468668,0.831081081081081,0.7857142857142857,0.5300617873473412,0.41228070175438597,0.6052631578947368
phase-rewrite-0095,rewrite,rewrite_output,0.8428005284015853,7.457775828032464,0.33121019108280253,2.4128098267163853,0.06329113924050633,0.1929189517713316,0.5352422907488987,0.38034376377258705,0.21934634788330776,8.966082628173222,0.7643312101910829,0.8,0.5651501112375531,0.3969465648854962,0.5419847328244275
phase-rewrite-0096,rewrite,rewrite_output,0.84593837535014,8.354883628406604,0.5369458128078818,1.7903322060871294,0.0449438202247191,0.18939885120334302,0.578062449959968,0.3323988786543853,0.0,7.952314259344714,0.7832512315270936,1.0909090909090908,0.6184657144903022,0.4576271186440678,0.6440677966101694
phase-rewrite-0097,rewrite,rewrite_output,0.8351284175642087,8.735358348223148,0.5612244897959183,0.3970617431010522,0.012578616352201259,0.19784649272562724,0.5644426025694157,0.3478441127694859,0.1985308715505261,10.07009920634921,0.7908163265306123,1.0,0.700399755289656,0.47530864197530864,0.6481481481481481
phase-rewrite-0098,rewrite,rewrite_output,0.8185929648241206,3.817765334690761,0.4,1.0180707559175364,0.02,0.13684656440142207,0.6093514328808446,0.28269617706237427,0.0,12.406553438395411,0.7375,0.8333333333333334,0.5280456384204865,0.39490445859872614,0.6050955414012739
phase-rewrite-0099,rewrite,rewrite_output,0.8210826210826211,9.109023626530032,0.4863013698630137,1.138627953316254,0.030534351145038167,0.19404679567431313,0.5986316989737742,0.3074729035938391,0.0,8.010390882159317,0.8082191780821918,0.8571428571428571,0.57913417028927,0.4260869565217391,0.6
